{
  "name": "fusion_ds1_s46",
  "epochs": [
    1,
    2,
    3,
    4,
    5,
    6,
    7,
    8,
    9,
    10,
    11,
    12,
    13,
    14,
    15,
    16,
    17,
    18,
    19,
    20,
    21,
    22,
    23,
    24,
    25,
    26,
    27,
    28,
    29,
    30,
    31,
    32,
    33,
    34,
    35,
    36,
    37,
    38,
    39,
    40,
    41,
    42,
    43,
    44,
    45,
    46,
    47,
    48,
    49,
    50,
    51,
    52,
    53,
    54,
    55,
    56,
    57,
    58,
    59,
    60,
    61,
    62,
    63,
    64,
    65,
    66,
    67,
    68,
    69,
    70,
    71,
    72
  ],
  "train_loss": [
    0.4093862541696038,
    0.040891958790226855,
    0.03146147014020418,
    0.027983751689081057,
    0.02629822801093535,
    0.024818948088661495,
    0.023189219570362705,
    0.022331797064457377,
    0.021726784106160933,
    0.0213949897897158,
    0.020292023171312856,
    0.020339890320639445,
    0.01983613541539555,
    0.01956957755329366,
    0.019663710088848495,
    0.018969351496647045,
    0.01856144702102971,
    0.018359469733198262,
    0.017920357342711177,
    0.017583994503447598,
    0.017506903181507567,
    0.01703115368563229,
    0.01681528808907311,
    0.01628583004824792,
    0.01590716303139881,
    0.015569282374261686,
    0.015556856915778685,
    0.015926974507263023,
    0.015542347741637704,
    0.01454283719102136,
    0.014480494383297926,
    0.013625165745797023,
    0.013160688603539436,
    0.013238430914107651,
    0.01243012856767593,
    0.012650515522473751,
    0.012168663362947873,
    0.011619535907259494,
    0.011205645338543015,
    0.010989648447085021,
    0.010652522114642368,
    0.010343807144926852,
    0.01019250513879433,
    0.009940794962327758,
    0.009667436316488821,
    0.00943057634808385,
    0.008926242762016975,
    0.008785070968309041,
    0.008441346973936163,
    0.008331094932626546,
    0.008349717492751624,
    0.008217480518701085,
    0.007724180784482522,
    0.007511252203200965,
    0.00710866972986238,
    0.0069401543513198756,
    0.00667896047746815,
    0.006580250057925686,
    0.006200136211556383,
    0.006172599271823068,
    0.005913039815902117,
    0.005670325612169832,
    0.00557811916701747,
    0.005389241693131474,
    0.0051590949118370975,
    0.005087976213706903,
    0.005006761950852571,
    0.004687307106550587,
    0.004583513209794232,
    0.004445097409575166,
    0.004390571566162695,
    0.0040794555301653865
  ],
  "val_loss": [
    0.0024454864189061795,
    0.00032880966791869887,
    0.00016203824396203036,
    0.00016694708371236622,
    0.00020944749090048717,
    0.00031436094355181905,
    9.304908770341256e-05,
    0.00014630244762207833,
    7.325837838569055e-05,
    8.531224278052616e-05,
    0.00016411396616655826,
    0.00013702711063175204,
    0.0001102317937188257,
    6.264020597052735e-05,
    9.375702753837015e-05,
    6.281328801261534e-05,
    3.4550034914107324e-05,
    5.375932851843883e-05,
    8.076100960165632e-05,
    5.90185996562535e-05,
    5.939882509012173e-05,
    0.00015557169082294406,
    4.142305899832361e-05,
    5.064221733479972e-05,
    5.823437876761486e-05,
    0.00013163355491086908,
    8.96921935014679e-05,
    0.00018707745954990983,
    0.00014792041339272734,
    8.806492227943668e-05,
    3.8415827736733584e-05,
    6.430464667446181e-05,
    3.984159437905747e-05,
    7.510728112711366e-05,
    4.2318907734316015e-05,
    9.505237204928824e-05,
    7.112444845375195e-05,
    3.9537260433398755e-05,
    6.649312930750633e-05,
    2.7108828105915528e-05,
    4.332841018515299e-05,
    7.27821628694564e-05,
    2.54508733103579e-05,
    4.787740737404233e-05,
    4.298712874216739e-05,
    9.604229031867383e-05,
    2.2811640729308706e-05,
    4.601308007033832e-05,
    3.660895747610269e-05,
    3.601675439882051e-05,
    3.993467954486859e-05,
    4.61750174461973e-05,
    5.7846434988225454e-05,
    6.401146891071185e-05,
    6.4823958617476e-05,
    5.173633000777529e-05,
    5.65605623350696e-05,
    6.195968202980605e-05,
    6.809252677912478e-05,
    3.2229923191155344e-05,
    3.789211192639767e-05,
    3.10218459316708e-05,
    4.189357252613415e-05,
    4.305473635378711e-05,
    3.3234108627020065e-05,
    3.2628638164637454e-05,
    3.443664835054038e-05,
    3.063895592301032e-05,
    4.4868249136935127e-05,
    4.0619928891689944e-05,
    3.25997020411301e-05,
    4.4561842934875196e-05
  ],
  "lr": [
    0.0008,
    0.0007999122733899382,
    0.0007996491320395434,
    0.0007992106913713087,
    0.0007985971436998018,
    0.0007978087581473094,
    0.0007968458805257912,
    0.0007957089331851954,
    0.0007943984148282019,
    0.0007929149002914754,
    0.0007912590402935221,
    0.0007894315611492639,
    0.0007874332644514523,
    0.0007852650267190632,
    0.0007829277990128267,
    0.0007804226065180614,
    0.0007777505480949924,
    0.0007749127957967565,
    0.0007719105943553004,
    0.0007687452606354001,
    0.0007654181830570403,
    0.0007619308209864077,
    0.000758284704095765,
    0.0007544814316924857,
    0.0007505226720175452,
    0.0007464101615137752,
    0.0007421457040642025,
    0.0007377311702008059,
    0.0007331684962840396,
    0.0007284596836534814,
    0.0007236067977499787,
    0.0007186119672096782,
    0.0007134773829303357,
    0.0007082052971103155,
    0.0007027980222607023,
    0.0006972579301909575,
    0.0006915874509685644,
    0.0006857890718531211,
    0.0006798653362053461,
    0.0006738188423714754,
    0.0006676522425435432,
    0.0006613682415960422,
    0.0006549695958994759,
    0.0006484591121113241,
    0.0006418396459449499,
    0.0006351141009169892,
    0.0006282854270737727,
    0.0006213566196973376,
    0.0006143307179915985,
    0.000607210803749252,
    0.0005999999999999998,
    0.0005927014696406859,
    0.0005853184140479445,
    0.0005778540716739707,
    0.0005703117166260288,
    0.0005626946572303198,
    0.0005550062345808409,
    0.000547249821073871,
    0.0005394288189287258,
    0.000531546658695433,
    0.0005236067977499787,
    0.0005156127187777884,
    0.0005075679282461061,
    0.0004994759548659416,
    0.0004913403480442621,
    0.00048316467632710354,
    0.0004749525258342897,
    0.0004667074986864407,
    0.00045843321142496446,
    0.00045013329342572146,
    0.0004418113853070613,
    0.000433471137332926
  ],