{
  "name": "mae_long",
  "epochs": [
    1,
    2,
    3,
    4,
    5,
    6,
    7,
    8,
    9,
    10,
    11,
    12,
    13,
    14,
    15,
    16,
    17,
    18,
    19,
    20,
    21,
    22,
    23,
    24,
    25,
    26,
    27,
    28,
    29,
    30,
    31,
    32,
    33,
    34,
    35,
    36,
    37,
    38,
    39,
    40,
    41,
    42,
    43,
    44,
    45,
    46,
    47,
    48,
    49,
    50,
    51,
    52,
    53,
    54,
    55,
    56,
    57,
    58,
    59,
    60,
    61,
    62,
    63,
    64,
    65,
    66,
    67,
    68,
    69,
    70,
    71,
    72,
    73,
    74,
    75,
    76,
    77,
    78,
    79,
    80
  ],
  "train_loss": [
    0.0614862911223237,
    0.0034580333824646378,
    0.003156038632740415,
    0.0034306860139822056,
    0.002439811285439266,
    0.003643692335157653,
    0.002748284740835506,
    0.0023444307941272273,
    0.0027178112400437927,
    0.002469759751670549,
    0.0037639749232757417,
    0.0019986804831267258,
    0.0023165580170963437,
    0.002180034782635364,
    0.001897445047218304,
    0.0023522033293515094,
    0.0015909444503352415,
    0.0020796371514449387,
    0.002231562500406183,
    0.0016245761900828962,
    0.0016335031010366139,
    0.0021047625225037335,
    0.0016335579063305656,
    0.001752428294040321,
    0.0016677835734327648,
    0.001163920567567915,
    0.0011224536439792955,
    0.0013231388565551675,
    0.0011651885634964192,
    0.0011793184448848175,
    0.0009550661482974673,
    0.0011392926882682539,
    0.0009161679594541654,
    0.0009819209515165741,
    0.0007347871159299401,
    0.0008616609791416539,
    0.0009491905041145983,
    0.0007439437855762131,
    0.0006778629259911533,
    0.0006376420783289944,
    0.0007106151751561124,
    0.0006413449835720382,
    0.0005274612838937354,
    0.0007148217087655326,
    0.0005983932575091778,
    0.0005455782527423783,
    0.000655781939186827,
    0.0006136065497313561,
    0.0006561085125236886,
    0.0006067790712020785,
    0.0005036448411048966,
    0.00040270330271301863,
    0.0005175069455961957,
    0.0003864946890793809,
    0.0004917409091515529,
    0.0003364143778075155,
    0.0003033213273548538,
    0.00041078673031268636,
    0.00024535003482660777,
    0.0003412191309405651,
    0.000369432877795406,
    0.00022554507016449895,
    0.00037252898422232767,
    0.0002241961992201067,
    0.0002475260718307378,
    0.00022928285328598387,
    0.00029510664081872095,
    0.00023947577999829372,
    0.0002166947726508014,
    0.00018235629013503655,
    0.00018540659647948028,
    0.00022238144290411005,
    0.0002046464460168773,
    0.00020662305426985078,
    0.00016944078302561663,
    0.00018922540477514095,
    0.0002009320698752051,
    0.0001642911031748917,
    0.0001861415537926502,
    0.00018456635441066934
  ],
  "val_loss": [
    0.00456067408210802,
    0.0023332683504872233,
    0.0011954983573107942,
    0.0018047905156344435,
    0.0035860436107890597,
    0.001855088269576398,
    0.0013928659772399386,
    0.0013897333449710346,
    0.0011413432781457286,
    0.0008378415903856336,
    0.0010448414600028003,
    0.0019569948209306213,
    0.0017619944458378888,
    0.0015155666633034346,
    0.0015755126019434725,
    0.0013550692682362559,
    0.0010062392100029162,
    0.0014890553278206098,
    0.0006114082264970512,
    0.0006442989213614363,
    0.0010125384849865885,
    0.0016715334881897087,
    0.0011590438856543274,
    0.0011763971075698443,
    0.001626799626522364,
    0.001386067660832515,
    0.00044684040328839275,
    0.0003983843634753547,
    0.0005188020082077501,
    0.0008513555178164207,
    0.0010077013579094197,
    0.0006223079688350091,
    0.0008506089448423777,
    0.001078953644777941,
    0.00025170780021349805,
    0.0014146580911340463,
    0.0003335317730632916,
    0.00047096152993933237,
    0.00039202921949084565,
    0.0007465958810934631,
    0.0005385688971475559,
    0.0002748934271641342,
    0.0016152216028119085,
    0.0003417244332174845,
    0.0004581640723995751,
    0.00022800614309361822,
    0.0005689402069965147,
    0.0006062239255082395,
    0.0003807890306453174,
    0.00028777958976999813,
    0.0002011410673446913,
    0.0005835454996600505,
    0.0003274840546707237,
    0.0003009008548859862,
    0.00021094512319396334,
    0.00023949837101620386,
    0.000555471527625538,
    0.00021875067386743885,
    0.0001937536106832778,
    0.0005286874152606843,
    0.00019910595908310516,
    0.0002860150559059872,
    0.00022166156752435025,
    0.00023707641549246817,
    0.0001879907596993731,
    0.0001553511793130237,
    0.00027237315116745146,
    0.0001508951608981501,
    0.00017760367824144483,
    0.00015981835352283158,
    0.00012510215107012143,
    0.000130661641406158,
    0.00015876211456165583,
    0.0001236013520141324,
    0.0001313757855475955,
    0.00012123180437659332,
    0.00013444025841326436,
    0.000122358523724134,
    0.00012495110048548825,
    0.00013367775519562323
  ],
  "lr": [
    0.0009996145181203615,
    0.000998458666866564,
    0.0009965342284774632,
    0.0009938441702975688,
    0.0009903926402016151,
    0.0009861849601988382,
    0.0009812276182268236,
    0.0009755282581475768,
    0.0009690956679612421,
    0.0009619397662556433,
    0.0009540715869125406,
    0.0009455032620941839,
    0.0009362480035363986,
    0.0009263200821770461,
    0.0009157348061512728,
    0.0009045084971874739,
    0.0008926584654403725,
    0.0008802029828000156,
    0.0008671612547178428,
    0.0008535533905932737,
    0.0008394003727664709,
    0.0008247240241650919,
    0.000809546974654917,
    0.0007938926261462366,
    0.0007777851165098012,
    0.0007612492823579744,
    0.0007443106207484776,
    0.0007269952498697734,
    0.0007093298687687142,
    0.000691341716182545,
    0.0006730585285387465,
    0.0006545084971874737,
    0.0006357202249325371,
    0.0006167226819279528,
    0.0005975451610080642,
    0.0005782172325201155,
    0.0005587686987289189,
    0.0005392295478639225,
    0.0005196299078795343,
    0.0005,
    0.00048037009212046586,
    0.00046077045213607765,
    0.0004412313012710813,
    0.00042178276747988476,
    0.000402454838991936,
    0.00038327731807204744,
    0.00036427977506746286,
    0.00034549150281252644,
    0.00032694147146125374,
    0.0003086582838174553,
    0.00029067013123128623,
    0.0002730047501302268,
    0.0002556893792515226,
    0.00023875071764202575,
    0.000222214883490199,
    0.00020610737385376362,
    0.00019045302534508325,
    0.00017527597583490834,
    0.00016059962723352931,
    0.00014644660940672636,
    0.00013283874528215725,
    0.0001197970171999846,
    0.00010734153455962753,
    9.549150281252638e-05,
    8.426519384872754e-05,
    7.367991782295395e-05,
    6.375199646360155e-05,
    5.449673790581613e-05,
    4.5928413087459345e-05,
    3.806023374435665e-05,
    3.090433203875794e-05,
    2.447174185242325e-05,
    1.877238177317643e-05,
    1.3815039801161731e-05,
    9.607359798384792e-06,
    6.155829702431175e-06,
    3.4657715225368564e-06,
    1.5413331334360193e-06,
    3.8548187963854984e-07,
    0.0
  ],