{
  "name": "fusion_ds1_s46",
  "epochs": [
    1,
    2,
    3,
    4,
    5,
    6,
    7,
    8,
    9,
    10,
    11,
    12,
    13,
    14,
    15,
    16,
    17,
    18,
    19,
    20,
    21,
    22,
    23,
    24,
    25,
    26,
    27,
    28,
    29,
    30,
    31,
    32,
    33,
    34,
    35,
    36,
    37,
    38,
    39,
    40,
    41,
    42,
    43,
    44,
    45,
    46,
    47,
    48,
    49,
    50,
    51,
    52,
    53,
    54,
    55,
    56,
    57,
    58,
    59,
    60,
    61,
    62,
    63,
    64,
    65,
    66,
    67,
    68,
    69,
    70,
    71,
    72
  ],
  "train_loss": [
    0.3914513865505771,
    0.0437353369634426,
    0.03258866895455895,
    0.02805861048932555,
    0.02582529084536712,
    0.024474552743281294,
    0.023786292262947255,
    0.022471461523701615,
    0.021739941758627708,
    0.021386038387123284,
    0.020573081980606176,
    0.020262841065597798,
    0.020069937274424368,
    0.01972506237757555,
    0.01951378765767431,
    0.018901098282744645,
    0.01857860461447109,
    0.018371117096428528,
    0.018121703115670195,
    0.017612795751389715,
    0.017207177601536946,
    0.017010220501309792,
    0.016626020796629244,
    0.016083041176192848,
    0.015902414383364163,
    0.01570323541079024,
    0.015164264228108173,
    0.014716995012002519,
    0.01479017892064685,
    0.014166753118807286,
    0.014388759639808589,
    0.013461065008573022,
    0.01305700325386166,
    0.012749808472252476,
    0.012453154192036327,
    0.01240450038647669,
    0.012073762710998644,
    0.011574326114860761,
    0.01110082931164525,
    0.010992959168228495,
    0.010631846752216245,
    0.010343810841898232,
    0.010127280036418187,
    0.009850216273232305,
    0.00959793812209497,
    0.009364040347771076,
    0.00886382293025669,
    0.008724514197594157,
    0.008400247882965298,
    0.008248136776835247,
    0.008098512361763805,
    0.007770243730076078,
    0.007627194307999097,
    0.007330349267349835,
    0.007081184892440834,
    0.006837047297841169,
    0.0066116326689491835,
    0.006517181740118171,
    0.006201467712582964,
    0.006074081505389063,
    0.005805713658244086,
    0.005587567187919458,
    0.005532188592386445,
    0.0053531434535187515,
    0.005092529081655853,
    0.005013124097886528,
    0.004925641233032926,
    0.004613794657845514,
    0.00456351425528975,
    0.004403245807203882,
    0.00433705741394746,
    0.004043469070790622
  ],
  "val_loss": [
    0.0028057388888594317,
    0.0004109567913004489,
    0.0002024877988582538,
    8.39448671904909e-05,
    0.00016869974242258719,
    0.0002881586452708071,
    0.00012255393524468068,
    0.00019039725616223904,
    0.00010165781407231117,
    6.583865480737128e-05,
    0.00018584531156644522,
    0.00012763768419339928,
    0.00012567532957151792,
    5.286009729538855e-05,
    9.514139657352573e-05,
    6.600490386660617e-05,
    4.142448468679058e-05,
    6.228969343061978e-05,
    7.144177973947474e-05,
    7.453567304312952e-05,
    7.207967745249276e-05,
    0.00016424155450312828,
    4.966970960984846e-05,
    5.8283225887914145e-05,
    6.317127959263745e-05,
    0.0001251706277940029,
    0.00011394335839841304,
    0.00012649402620242751,
    0.00018156507316300814,
    0.00012919023204993575,
    3.989302521401749e-05,
    8.702404503579123e-05,
    4.6105765237676136e-05,
    6.043391776152993e-05,
    5.152535939458227e-05,
    8.31547420636768e-05,
    7.742220702732347e-05,
    5.57977049496785e-05,
    7.657283723833687e-05,
    3.7383971388797075e-05,
    4.488780331579451e-05,
    7.503079184683991e-05,
    3.815469527760679e-05,
    7.392384540404171e-05,
    5.2966695654795623e-05,
    0.00010196496125923415,
    2.8350392948779172e-05,
    5.391602466593733e-05,
    4.33796413939548e-05,
    4.637735236305381e-05,
    4.850534613831425e-05,
    5.5989322138222194e-05,
    7.375327759380165e-05,
    6.794241287510225e-05,
    7.631843587852182e-05,
    5.923353480260874e-05,
    8.17475491584274e-05,
    7.418490570654619e-05,
    7.721805547759889e-05,
    3.6420404810023596e-05,
    5.1049454112478536e-05,
    3.383490583769929e-05,
    4.061949498032198e-05,
    5.6598479270223554e-05,
    3.7665158436861056e-05,
    3.6638708289697764e-05,
    4.0386933207996314e-05,
    3.7639627958148056e-05,
    4.809820166397766e-05,
    4.347285493488255e-05,
    3.613271188892322e-05,
    4.988338484566156e-05
  ],
  "lr": [
    0.0008,
    0.0007999122733899382,
    0.0007996491320395434,
    0.0007992106913713087,
    0.0007985971436998018,
    0.0007978087581473094,
    0.0007968458805257912,
    0.0007957089331851954,
    0.0007943984148282019,
    0.0007929149002914754,
    0.0007912590402935221,
    0.0007894315611492639,
    0.0007874332644514523,
    0.0007852650267190632,
    0.0007829277990128267,
    0.0007804226065180614,
    0.0007777505480949924,
    0.0007749127957967565,
    0.0007719105943553004,
    0.0007687452606354001,
    0.0007654181830570403,
    0.0007619308209864077,
    0.000758284704095765,
    0.0007544814316924857,
    0.0007505226720175452,
    0.0007464101615137752,
    0.0007421457040642025,
    0.0007377311702008059,
    0.0007331684962840396,
    0.0007284596836534814,
    0.0007236067977499787,
    0.0007186119672096782,
    0.0007134773829303357,
    0.0007082052971103155,
    0.0007027980222607023,
    0.0006972579301909575,
    0.0006915874509685644,
    0.0006857890718531211,
    0.0006798653362053461,
    0.0006738188423714754,
    0.0006676522425435432,
    0.0006613682415960422,
    0.0006549695958994759,
    0.0006484591121113241,
    0.0006418396459449499,
    0.0006351141009169892,
    0.0006282854270737727,
    0.0006213566196973376,
    0.0006143307179915985,
    0.000607210803749252,
    0.0005999999999999998,
    0.0005927014696406859,
    0.0005853184140479445,
    0.0005778540716739707,
    0.0005703117166260288,
    0.0005626946572303198,
    0.0005550062345808409,
    0.000547249821073871,
    0.0005394288189287258,
    0.000531546658695433,
    0.0005236067977499787,
    0.0005156127187777884,
    0.0005075679282461061,
    0.0004994759548659416,
    0.0004913403480442621,
    0.00048316467632710354,
    0.0004749525258342897,
    0.0004667074986864407,
    0.00045843321142496446,
    0.00045013329342572146,
    0.0004418113853070613,
    0.000433471137332926
  ],