{
  "name": "mae_short",
  "epochs": [
    1,
    2,
    3,
    4,
    5,
    6,
    7,
    8,
    9,
    10,
    11,
    12,
    13,
    14,
    15,
    16,
    17,
    18,
    19,
    20,
    21,
    22,
    23,
    24,
    25,
    26
  ],
  "train_loss": [
    0.03088107886690108,
    0.024476373376511828,
    0.022288374424906787,
    0.019763482882766657,
    0.01571446190743163,
    0.018515427646675686,
    0.023736578676545807,
    0.01484720067458163,
    0.01595474775006965,
    0.016755758618549523,
    0.014531128096705228,
    0.015890691648499895,
    0.010020935607920617,
    0.014338731443977897,
    0.011800238329752941,
    0.011281937468986312,
    0.018548966966037694,
    0.011777146948701394,
    0.010437983104183637,
    0.01132173632312899,
    0.014418472616743273,
    0.009284097657430306,
    0.010563850049129422,
    0.013061160176397931,
    0.00932411454647897,
    0.010430488871711911
  ],
  "val_loss": [
    0.0016031000137423622,
    0.004461984283899329,
    0.0027177398149978555,
    0.006213375656200453,
    0.0021432781425581014,
    0.007343989042617455,
    0.018467588841379088,
    0.0024131263642619125,
    0.0015607106002264088,
    0.0011902374969297266,
    0.0011527570794180322,
    0.0012855145051108078,
    0.0030023690943568365,
    0.006389045007305222,
    0.0023426579437220516,
    0.0018834389733912245,
    0.0013020333439197887,
    0.047939861221579096,
    0.0019666108137026306,
    0.036867826413747924,
    0.0015665087304085686,
    0.012618421328386144,
    0.0016117423693020182,
    0.010334306800104357,
    0.0013247194943912064,
    0.0040797139592006326
  ],
  "lr": [
    0.0009996145181203615,
    0.000998458666866564,
    0.0009965342284774632,
    0.0009938441702975688,
    0.0009903926402016151,
    0.0009861849601988382,
    0.0009812276182268236,
    0.0009755282581475768,
    0.0009690956679612421,
    0.0009619397662556433,
    0.0009540715869125406,
    0.0009455032620941839,
    0.0009362480035363986,
    0.0009263200821770461,
    0.0009157348061512728,
    0.0009045084971874739,
    0.0008926584654403725,
    0.0008802029828000156,
    0.0008671612547178428,
    0.0008535533905932737,
    0.0008394003727664709,
    0.0008247240241650919,
    0.000809546974654917,
    0.0007938926261462366,
    0.0007777851165098012,
    0.0007612492823579744
  ],
  "extra": {
    "smooth": [
      0.020432519940957197,
      0.01869168887362511,
      0.018607498344597066,
      0.018572760480784187,
      0.018471800172613587,
      0.019295497982648884,
      0.01834140077137779,
      0.018396166697680752,
      0.018453683582342655,
      0.018293856207118007,
      0.018358241366192483,
      0.01855079660937458,
      0.01890188704004895,
      0.018180696614309315,
      0.018524732885521495,
      0.018845233665058178,
      0.018359911786681917,
      0.01846377892081045,
      0.01931937167331883,
      0.018550706578617588,
      0.018526930737046112,
      0.019335133153885173,
      0.01898206682654146,
      0.021003306617781832,
      0.019152858946215427,
      0.018730622412602368
    ],
    "total_loss": [
      0.03190270428218006,
      0.02541095781669363,
      0.02321874951846211,
      0.020692120682495485,
      0.016638051868503895,
      0.019480202430558393,
      0.024653647943946262,
      0.01576700898443504,
      0.01687743173404299,
      0.017670451075664943,
      0.015449040431330524,
      0.016818231712938395,
      0.01096603016386947,
      0.015247766392904838,
      0.012726475053851266,
      0.012224199148369417,
      0.019466963247301575,
      0.012700336077192774,
      0.011403951558465448,
      0.01224927154871539,
      0.015344819029702488,
      0.010250854320877443,
      0.011512953165418364,
      0.014111325476853892,
      0.01028175749024332,
      0.01136702018339197
    ]
  }
}