{
  "name": "fusion_ds1_s44",
  "epochs": [
    1,
    2,
    3,
    4,
    5,
    6,
    7,
    8,
    9,
    10,
    11,
    12,
    13,
    14,
    15,
    16,
    17,
    18,
    19,
    20,
    21,
    22,
    23,
    24,
    25,
    26,
    27,
    28,
    29,
    30,
    31,
    32,
    33,
    34,
    35,
    36,
    37,
    38,
    39,
    40,
    41,
    42,
    43,
    44,
    45,
    46,
    47,
    48
  ],
  "train_loss": [
    0.3332058280915292,
    0.03684003722154708,
    0.029474865705120205,
    0.026243398918823633,
    0.023378806429606602,
    0.02219849225858136,
    0.021494142033274995,
    0.020339359560064257,
    0.01977665054308634,
    0.01917340851362761,
    0.018726088654572953,
    0.018495772341187336,
    0.01844963082047509,
    0.017771218231271448,
    0.01745257315088831,
    0.017070033040402673,
    0.016800499634085145,
    0.016218976501604417,
    0.016090974228474393,
    0.015649230923532563,
    0.015370725328536047,
    0.014886594638897471,
    0.01490268689139138,
    0.014828567722793857,
    0.014457608699718209,
    0.013917712602155153,
    0.013524438763392497,
    0.013061461442915118,
    0.012414108759668788,
    0.012524396884773739,
    0.012349581561426631,
    0.01180011608979739,
    0.011524234373301532,
    0.011200253983811503,
    0.010984501310349108,
    0.01064723501366468,
    0.010312042867578357,
    0.010039826292770051,
    0.009695562318026592,
    0.009230288401291116,
    0.009049601717316315,
    0.00880538333342284,
    0.008573941364374305,
    0.008311772585987415,
    0.008132701558990832,
    0.0077686849039790545,
    0.007485897283091153,
    0.007404255152948099
  ],
  "val_loss": [
    0.0012136088065247729,
    0.0003567405471867161,
    0.0001847616588262759,
    9.825645880682763e-05,
    0.00012795325953133976,
    0.0001450793408984901,
    0.00011406696746469796,
    4.570269181362408e-05,
    7.865696522846335e-05,
    4.065384031574018e-05,
    0.0001289711760628189,
    9.26342180208241e-05,
    8.737715597882002e-05,
    0.00015848846651593879,
    8.915586086706718e-05,
    3.065455485757783e-05,
    4.212819729149206e-05,
    6.148616958266688e-05,
    5.099609100752359e-05,
    7.238332983299023e-05,
    3.20495236198384e-05,
    0.00010271770961747109,
    2.5749875315485797e-05,
    4.123206136830393e-05,
    4.4991290443849056e-05,
    3.904862999087638e-05,
    3.778887493052964e-05,
    8.709220284473782e-05,
    5.454429231366168e-05,
    3.9305186515967924e-05,
    5.716615786031746e-05,
    9.152752569068419e-05,
    4.530749306629752e-05,
    9.671050041646242e-05,
    6.396583133507573e-05,
    3.832290549386515e-05,
    8.228418236234665e-05,
    6.40555363300142e-05,
    6.129410837558177e-05,
    3.98272060740173e-05,
    3.659067028179004e-05,
    4.192642992983425e-05,
    3.442861375587657e-05,
    3.3122648242395776e-05,
    3.771184498879332e-05,
    6.940490314473039e-05,
    4.0318370760821874e-05,
    3.3390447361016284e-05
  ],
  "lr": [
    0.0008,
    0.0007999122733899382,
    0.0007996491320395434,
    0.0007992106913713087,
    0.0007985971436998018,
    0.0007978087581473094,
    0.0007968458805257912,
    0.0007957089331851954,
    0.0007943984148282019,
    0.0007929149002914754,
    0.0007912590402935221,
    0.0007894315611492639,
    0.0007874332644514523,
    0.0007852650267190632,
    0.0007829277990128267,
    0.0007804226065180614,
    0.0007777505480949924,
    0.0007749127957967565,
    0.0007719105943553004,
    0.0007687452606354001,
    0.0007654181830570403,
    0.0007619308209864077,
    0.000758284704095765,
    0.0007544814316924857,
    0.0007505226720175452,
    0.0007464101615137752,
    0.0007421457040642025,
    0.0007377311702008059,
    0.0007331684962840396,
    0.0007284596836534814,
    0.0007236067977499787,
    0.0007186119672096782,
    0.0007134773829303357,
    0.0007082052971103155,
    0.0007027980222607023,
    0.0006972579301909575,
    0.0006915874509685644,
    0.0006857890718531211,
    0.0006798653362053461,
    0.0006738188423714754,
    0.0006676522425435432,
    0.0006613682415960422,
    0.0006549695958994759,
    0.0006484591121113241,
    0.0006418396459449499,
    0.0006351141009169892,
    0.0006282854270737727,
    0.0006213566196973376
  ],
  "extra": {
    "val_rmse_pct": [
      3.483688790457589,
      1.8887577601841516,
      1.3592705862862724,
      0.9912439618791853,
      1.131164332798549,
      1.2044889177594866,
      1.068021283830915,
      0.6760377066476004,
      0.886887686593192,
      0.6376037052699498,
      1.1356548854282924,
      0.9624667576381138,
      0.9347574506487165,
      1.2589220319475447,
      0.9442237854003906,
      0.5536655426025391,
      0.6490624019077845,
      0.7841311863490513,
      0.7141154697963169,
      0.8507839747837611,
      0.566123035975865,
      1.0134974888392858,
      0.5074434007917131,
      0.6421219417027064,
      0.6707554953438895,
      0.624889155796596,
      0.6147265842982701,
      0.9332320077078684,
      0.7385411398751396,
      0.6269385201590402,
      0.7560830797467913,
      0.9567002432686942,
      0.6731084551130023,
      0.983415004185268,
      0.7997864314488002,
      0.6190550667898995,
      0.9071062905447824,
      0.8003470284598213,
      0.7829055786132812,
      0.6310879843575614,
      0.6049022674560547,
      0.6475062234061105,
      0.5867590767996652,
      0.5755228315080916,
      0.6140997205461775,
      0.8330961499895367,
      0.6349675859723772,
      0.577844728742327
    ],
    "w_relax": [
      0.511127490437392,
      0.493367022637165,
      0.4855679323275884,
      0.48261096034989215,
      0.48211428342443524,
      0.481515242746382,
      0.48093056001446466,
      0.4811409210616892,
      0.4810826661008777,
      0.4797988457210136,
      0.47953742200678046,
      0.4788289842280475,
      0.47780262475663965,
      0.4770310042482434,
      0.4757484251802618,
      0.47475808542786224,
      0.47387722766760626,
      0.4728168470389915,
      0.47202294477910706,
      0.46968880250598444,
      0.4683032428676432,
      0.4675431206370845,
      0.4666176081606836,
      0.46591172389911883,
      0.46570948398474493,
      0.463866086620273,
      0.4628998140494029,
      0.4623833352869207,
      0.4609839062799107,
      0.45980137135043286,
      0.45877380036946497,
      0.45717129382220184,
      0.4566909521818161,
      0.4556275154605056,
      0.45528905545220233,
      0.4542815780097788,
      0.4539551951668479,
      0.45121623395067273,
      0.4499818750403144,
      0.4483148360794241,
      0.44712535630572925,
      0.4463504399314071,
      0.4441617966601343,
      0.4435329076015588,
      0.4424917526317365,
      0.4428755117185188,
      0.4425229908842029,
      0.4421521858735518
    ],