{
  "name": "mae_short",
  "epochs": [
    1,
    2,
    3,
    4,
    5,
    6,
    7,
    8,
    9,
    10,
    11,
    12,
    13,
    14,
    15,
    16,
    17,
    18,
    19,
    20,
    21,
    22,
    23,
    24,
    25,
    26,
    27,
    28,
    29,
    30,
    31,
    32,
    33,
    34,
    35,
    36,
    37,
    38,
    39,
    40,
    41,
    42,
    43,
    44,
    45,
    46,
    47,
    48,
    49,
    50,
    51,
    52,
    53,
    54,
    55,
    56,
    57,
    58,
    59,
    60,
    61,
    62,
    63,
    64,
    65,
    66,
    67,
    68,
    69,
    70,
    71,
    72,
    73,
    74,
    75,
    76,
    77,
    78,
    79,
    80
  ],
  "train_loss": [
    0.03451234212850873,
    0.04854492900269381,
    0.0317454735885073,
    0.017196162645887247,
    0.007738147083450522,
    0.010234271934005184,
    0.019425680814368285,
    0.006034015614342004,
    0.007382166322103832,
    0.047503754432484134,
    0.007280434266815718,
    0.022262812356579082,
    0.041519388148164756,
    0.015615102264401281,
    0.006888625708929842,
    0.053680017452815296,
    0.013078150703071941,
    0.031717694513303134,
    0.01151474741559112,
    0.029129233002287255,
    0.007608056714259802,
    0.005594673835201353,
    0.007877569154183448,
    0.005198418856605257,
    0.005207516670252514,
    0.012632983885262577,
    0.011760124958655116,
    0.03779245867949006,
    0.004363327448813878,
    0.015687498715179916,
    0.0034618374753633504,
    0.010141243475414164,
    0.009158302107920496,
    0.02122671491742159,
    0.020353093416853638,
    0.0027408173470497535,
    0.0021857737182668056,
    0.024263993086184602,
    0.004395321126472719,
    0.016348496784827603,
    0.012256572094004327,
    0.011648097737275645,
    0.013114097273552356,
    0.0029335217218253423,
    0.007893236728791587,
    0.009434803254250028,
    0.0019875283020908837,
    0.008250931652455488,
    0.004177877401670521,
    0.0025346347539269795,
    0.012860589060564247,
    0.0043534182627954,
    0.004951284012227826,
    0.0017819625703687694,
    0.007313706389677999,
    0.004984545994017261,
    0.005517202741550798,
    0.006790639569932351,
    0.01205526850235287,
    0.0011748565612544662,
    0.0009504224075012643,
    0.0008286487323244574,
    0.0030138277168059017,
    0.0007063423547853067,
    0.0020648080526517437,
    0.0008227273145548479,
    0.007430778368960868,
    0.00249176020925471,
    0.01106405265579405,
    0.004815925724358671,
    0.0065613993677916625,
    0.0024053795173791252,
    0.0043488099865718515,
    0.000998340860372018,
    0.00892186672784345,
    0.0008333375279044406,
    0.0007295610582114279,
    0.0005722255654384598,
    0.005638114279695119,
    0.00830368220429505
  ],
  "val_loss": [
    0.008203190334729459,
    0.010115975734630698,
    0.004076410281030755,
    0.006915382297480838,
    0.01628664706163762,
    0.0036179976407111738,
    0.0033054938641981337,
    0.010401035904100067,
    0.005310914225941687,
    0.0059970998605549854,
    0.003302091712197452,
    0.004117831883935682,
    0.0031028101159455744,
    0.003099807791346521,
    0.004711861023679376,
    0.007592687027921018,
    0.0027539675356820226,
    0.003443073761126582,
    0.00279951908241696,
    0.0035356580230750537,
    0.0035448223454550955,
    0.0028930915337823855,
    0.0033662868541126188,
    0.004020999165317207,
    0.003113883155349054,
    0.002896099723058573,
    0.0046912342955341985,
    0.002825997150993269,
    0.0031839318965610707,
    0.04413979033236964,
    0.0028357200728925435,
    0.0035645194400690102,
    0.0028101854381690685,
    0.0027370033132141096,
    0.0026125733172847774,
    0.0024180442335802995,
    0.0023150190868284227,
    0.0026128161678156047,
    0.0034119458419777323,
    0.002549623486406186,
    0.0028642786956768027,
    0.0028969135601073503,
    0.0029469149640614263,
    0.0027494083726451847,
    0.0031190101923257636,
    0.002823568066671948,
    0.044805071594422326,
    0.002259789411542251,
    0.0024572410865833887,
    0.027184026773300087,
    0.0025606817727205915,
    0.002324515345032539,
    0.002302080558269824,
    0.0021876055724804467,
    0.002198271638215438,
    0.002200086777743867,
    0.0022547961980627293,
    0.002301985009883841,
    0.0021909535249793216,
    0.0021048849560892243,
    0.0034639002743030063,
    0.0021853158362781662,
    0.0021273883666205954,
    0.0021636985219900674,
    0.00217162976766479,
    0.0021799732399941014,
    0.0020340490246828842,
    0.002064573648998416,
    0.002194082414478129,
    0.0020827128308857873,
    0.002083021337615751,
    0.002123197638674786,
    0.0021776226859768493,
    0.0020860007942629685,
    0.0020912895734797707,
    0.002041050063429825,
    0.0021590815015594686,
    0.0021399937747781607,
    0.0020979953584620696,
    0.0020897459042699715
  ],
  "lr": [
    0.0009996145181203615,
    0.000998458666866564,
    0.0009965342284774632,
    0.0009938441702975688,
    0.0009903926402016151,
    0.0009861849601988382,
    0.0009812276182268236,
    0.0009755282581475768,
    0.0009690956679612421,
    0.0009619397662556433,
    0.0009540715869125406,
    0.0009455032620941839,
    0.0009362480035363986,
    0.0009263200821770461,
    0.0009157348061512728,
    0.0009045084971874739,
    0.0008926584654403725,
    0.0008802029828000156,
    0.0008671612547178428,
    0.0008535533905932737,
    0.0008394003727664709,
    0.0008247240241650919,
    0.000809546974654917,
    0.0007938926261462366,
    0.0007777851165098012,
    0.0007612492823579744,
    0.0007443106207484776,
    0.0007269952498697734,
    0.0007093298687687142,
    0.000691341716182545,
    0.0006730585285387465,
    0.0006545084971874737,
    0.0006357202249325371,
    0.0006167226819279528,
    0.0005975451610080642,
    0.0005782172325201155,
    0.0005587686987289189,
    0.0005392295478639225,
    0.0005196299078795343,
    0.0005,
    0.00048037009212046586,
    0.00046077045213607765,
    0.0004412313012710813,
    0.00042178276747988476,
    0.000402454838991936,
    0.00038327731807204744,
    0.00036427977506746286,
    0.00034549150281252644,
    0.00032694147146125374,
    0.0003086582838174553,
    0.00029067013123128623,
    0.0002730047501302268,
    0.0002556893792515226,
    0.00023875071764202575,
    0.000222214883490199,
    0.00020610737385376362,
    0.00019045302534508325,
    0.00017527597583490834,
    0.00016059962723352931,
    0.00014644660940672636,
    0.00013283874528215725,
    0.0001197970171999846,
    0.00010734153455962753,
    9.549150281252638e-05,
    8.426519384872754e-05,
    7.367991782295395e-05,
    6.375199646360155e-05,
    5.449673790581613e-05,
    4.5928413087459345e-05,
    3.806023374435665e-05,
    3.090433203875794e-05,
    2.447174185242325e-05,
    1.877238177317643e-05,
    1.3815039801161731e-05,
    9.607359798384792e-06,
    6.155829702431175e-06,
    3.4657715225368564e-06,
    1.5413331334360193e-06,
    3.8548187963854984e-07,
    0.0
  ],