{
  "name": "mae_long",
  "epochs": [
    1,
    2,
    3,
    4,
    5,
    6,
    7,
    8,
    9,
    10,
    11,
    12,
    13,
    14,
    15,
    16,
    17,
    18,
    19,
    20,
    21,
    22,
    23,
    24,
    25,
    26,
    27,
    28,
    29,
    30,
    31,
    32,
    33,
    34,
    35,
    36,
    37,
    38,
    39,
    40,
    41,
    42,
    43,
    44,
    45,
    46,
    47,
    48,
    49,
    50,
    51,
    52,
    53,
    54,
    55,
    56,
    57,
    58,
    59,
    60,
    61,
    62,
    63,
    64,
    65,
    66,
    67,
    68,
    69,
    70,
    71,
    72,
    73,
    74,
    75,
    76,
    77,
    78,
    79,
    80
  ],
  "train_loss": [
    0.045367351712235895,
    0.0055031971021144415,
    0.004392020204213907,
    0.0030115878807658,
    0.0028634307811197194,
    0.0028335077481407567,
    0.003959048692350988,
    0.003064779413246377,
    0.0027905320498530627,
    0.00297103133782083,
    0.0023826154371402557,
    0.002468071944583645,
    0.0021345819863940615,
    0.0020821772663800566,
    0.0020804849832608088,
    0.0016543740623657331,
    0.002133422312825218,
    0.0015257313275495762,
    0.0019490458284609272,
    0.0017954082227027526,
    0.0015526834625493025,
    0.0016623706559288284,
    0.0011525480409199007,
    0.0015921383191571223,
    0.002024232611265617,
    0.0014507675072902876,
    0.0016139065444362459,
    0.0013845458834045434,
    0.0011457391519114064,
    0.0013179076735207486,
    0.0012211488629144181,
    0.0009496000610284663,
    0.0008676131730096769,
    0.0017413800672564763,
    0.0013341308719729008,
    0.0010656230399681756,
    0.0012138318035790489,
    0.0007309095642387177,
    0.0008913539104739948,
    0.0006619835604351821,
    0.0010347773777515514,
    0.0008346467188926652,
    0.0009137115153112004,
    0.0007470644299821155,
    0.0007669992604190799,
    0.0006319574284970313,
    0.000779405432068147,
    0.0006362364289877261,
    0.0005998550728814526,
    0.0005285642699790783,
    0.0005772224625459491,
    0.0005922954900350724,
    0.00047239730527926015,
    0.0004504020731317429,
    0.000533319284863449,
    0.000345899451155624,
    0.00043637066886227763,
    0.0003991888925389389,
    0.00042864969857377497,
    0.00034099545952312005,
    0.0003564134170696402,
    0.0002723356425596824,
    0.0003869150827855222,
    0.00034151501954665685,
    0.0002809895145753642,
    0.0002951200731863406,
    0.0002680641013275414,
    0.0002941304254412466,
    0.0003566625791263837,
    0.00032952539330985463,
    0.0002454917133447177,
    0.0002244411930612072,
    0.000258144152146465,
    0.0002711582084200965,
    0.00023286163546424604,
    0.0002532611666253328,
    0.000248387627675643,
    0.0002671037774317832,
    0.00028079177051425154,
    0.00027737312557482146
  ],
  "val_loss": [
    0.008382270104047759,
    0.002117798067962674,
    0.0015496749121800808,
    0.0012455674932780726,
    0.001425225873540384,
    0.0009178136335988883,
    0.0033267731010639097,
    0.0009572167937399379,
    0.0012580252976263843,
    0.0010113673155355608,
    0.0004498514389960649,
    0.0015844096052874518,
    0.0004319710159015694,
    0.0006139165860218948,
    0.0008174904477944165,
    0.000598922402672712,
    0.0010651038169715383,
    0.0005001813019125837,
    0.0005009830776559605,
    0.0006020665353107511,
    0.0003217511634602981,
    0.00044349599071554115,
    0.0004259459062609741,
    0.00039368663276111355,
    0.0004236278347135673,
    0.0007687381737907932,
    0.0006786650238627338,
    0.0013104245594930946,
    0.00032501798181202657,
    0.0007108013553963065,
    0.0006315073443105982,
    0.00034686670612863016,
    0.0004298087346333194,
    0.0004499494845609215,
    0.0027463582825166155,
    0.0006491659833380948,
    0.0002827416694321045,
    0.0002048712251167502,
    0.00033219395488967265,
    0.0005552782841257088,
    0.001661015421944042,
    0.0006361210476576781,
    0.00025735627320683973,
    0.00022814105140598825,
    0.0003261677630411344,
    0.000433308760273935,
    0.00031065244265274423,
    0.0003985814456504703,
    0.0005142515697698321,
    0.00020751057968827454,
    0.0007977919009617185,
    0.0004061039464210853,
    0.00014986490783808903,
    0.00014416442232240807,
    0.0001507400809797315,
    0.00021288418679481975,
    0.0001864333991165861,
    0.0001769343934248155,
    0.0001747001270200944,
    0.00011632350536564329,
    0.00012772336439078032,
    0.00023315902968561538,
    0.0002141406651285281,
    0.000152197640960927,
    0.00011999177305308653,
    0.00024205774750404966,
    8.235309390303701e-05,
    0.00011039643933281399,
    0.00013231154140579937,
    0.0001783150278785369,
    8.469069431007611e-05,
    0.00010223515301315546,
    0.00010914904631850049,
    8.569954775289962e-05,
    8.570104517969919e-05,
    0.00010082552969226424,
    8.896165693440392e-05,
    9.57377675295466e-05,
    9.075642970982543e-05,
    9.601317130058495e-05
  ],
  "lr": [
    0.0009996145181203615,
    0.000998458666866564,
    0.0009965342284774632,
    0.0009938441702975688,
    0.0009903926402016151,
    0.0009861849601988382,
    0.0009812276182268236,
    0.0009755282581475768,
    0.0009690956679612421,
    0.0009619397662556433,
    0.0009540715869125406,
    0.0009455032620941839,
    0.0009362480035363986,
    0.0009263200821770461,
    0.0009157348061512728,
    0.0009045084971874739,
    0.0008926584654403725,
    0.0008802029828000156,
    0.0008671612547178428,
    0.0008535533905932737,
    0.0008394003727664709,
    0.0008247240241650919,
    0.000809546974654917,
    0.0007938926261462366,
    0.0007777851165098012,
    0.0007612492823579744,
    0.0007443106207484776,
    0.0007269952498697734,
    0.0007093298687687142,
    0.000691341716182545,
    0.0006730585285387465,
    0.0006545084971874737,
    0.0006357202249325371,
    0.0006167226819279528,
    0.0005975451610080642,
    0.0005782172325201155,
    0.0005587686987289189,
    0.0005392295478639225,
    0.0005196299078795343,
    0.0005,
    0.00048037009212046586,
    0.00046077045213607765,
    0.0004412313012710813,
    0.00042178276747988476,
    0.000402454838991936,
    0.00038327731807204744,
    0.00036427977506746286,
    0.00034549150281252644,
    0.00032694147146125374,
    0.0003086582838174553,
    0.00029067013123128623,
    0.0002730047501302268,
    0.0002556893792515226,
    0.00023875071764202575,
    0.000222214883490199,
    0.00020610737385376362,
    0.00019045302534508325,
    0.00017527597583490834,
    0.00016059962723352931,
    0.00014644660940672636,
    0.00013283874528215725,
    0.0001197970171999846,
    0.00010734153455962753,
    9.549150281252638e-05,
    8.426519384872754e-05,
    7.367991782295395e-05,
    6.375199646360155e-05,
    5.449673790581613e-05,
    4.5928413087459345e-05,
    3.806023374435665e-05,
    3.090433203875794e-05,
    2.447174185242325e-05,
    1.877238177317643e-05,
    1.3815039801161731e-05,
    9.607359798384792e-06,
    6.155829702431175e-06,
    3.4657715225368564e-06,
    1.5413331334360193e-06,
    3.8548187963854984e-07,
    0.0
  ],