{
  "name": "fusion_ds1_s43",
  "epochs": [
    1,
    2,
    3,
    4,
    5,
    6,
    7,
    8,
    9,
    10,
    11,
    12,
    13,
    14,
    15,
    16,
    17,
    18,
    19,
    20,
    21,
    22,
    23,
    24,
    25,
    26,
    27,
    28,
    29,
    30,
    31,
    32,
    33,
    34,
    35,
    36,
    37,
    38,
    39,
    40,
    41,
    42,
    43,
    44,
    45,
    46,
    47,
    48,
    49,
    50,
    51,
    52,
    53,
    54,
    55,
    56,
    57,
    58,
    59,
    60,
    61
  ],
  "train_loss": [
    0.27970935249181467,
    0.038973768632813724,
    0.02848974590781361,
    0.02354414820850821,
    0.021019949137397867,
    0.019520256817707395,
    0.018665400704277423,
    0.018111476197394512,
    0.017450041967385553,
    0.01725419377121474,
    0.016722099371857257,
    0.01601129705338626,
    0.016144720207833346,
    0.015908069595289134,
    0.015230266998248344,
    0.014935269935811627,
    0.014356490215325807,
    0.014169172349840069,
    0.014003115366649952,
    0.013564031286580572,
    0.013365698498649724,
    0.013019467206898937,
    0.012818803204239301,
    0.01234528017853293,
    0.012133488140379352,
    0.011571630331368061,
    0.01148619127615109,
    0.011219286696251059,
    0.010882746108738786,
    0.010532818046932214,
    0.010309496189265953,
    0.010079663110795703,
    0.009682211655125117,
    0.009286601459458987,
    0.009100731436129402,
    0.008800600581405466,
    0.00856395417739486,
    0.008429654357432313,
    0.00825210627359197,
    0.007752610503941391,
    0.0075895972074069154,
    0.0072708058246712184,
    0.00721194223071809,
    0.006944036496107944,
    0.006701600891940115,
    0.006524679331914554,
    0.006219056295377272,
    0.006012052484425264,
    0.0056790174416472125,
    0.005863720298885008,
    0.005481651380929084,
    0.005213862971268728,
    0.00505849262232471,
    0.004874366878018876,
    0.004743012066942235,
    0.004580266359709033,
    0.004432108022797453,
    0.004263702620638494,
    0.004181591089565165,
    0.0039549996674186245,
    0.0038586325795140694
  ],
  "val_loss": [
    0.0033901343993122004,
    0.000914044408142127,
    0.0003797935547578597,
    0.0003244583536951349,
    0.00019951493997227946,
    0.00010043694405588881,
    0.00019260837163275377,
    0.0002211312937396128,
    0.00026337392994896003,
    5.6030292161547455e-05,
    0.00011670299900836992,
    0.00011107620015578632,
    4.944998109195164e-05,
    0.00015825006551534423,
    0.00018647104989181123,
    5.3036413762105685e-05,
    0.00012212068474090873,
    4.7002173975057784e-05,
    5.584244585650566e-05,
    9.978593786465238e-05,
    5.3412525392134986e-05,
    0.00013042644384488985,
    4.9339111157542036e-05,
    0.00011112712363860927,
    7.195703491082735e-05,
    7.306231640970554e-05,
    6.990914505783686e-05,
    4.257045375568999e-05,
    6.762176978620003e-05,
    4.409999342891559e-05,
    9.312591140359696e-05,
    6.658670127006725e-05,
    7.443013808631338e-05,
    4.685314914147122e-05,
    5.224515885662531e-05,
    2.36156813129307e-05,
    0.00010747485757521238,
    8.574053526601069e-05,
    6.47708954640351e-05,
    4.236186353578385e-05,
    3.3780219989474254e-05,
    6.094468327179378e-05,
    5.7720023832194976e-05,
    6.0853919015703356e-05,
    3.933587315336974e-05,
    7.796141581815199e-05,
    6.775096722766464e-05,
    2.775514264750864e-05,
    7.228268684077464e-05,
    9.067648054991403e-05,
    3.80441775178849e-05,
    5.8692708493530025e-05,
    5.8952819289053484e-05,
    4.37265561680972e-05,
    3.866328199797498e-05,
    6.459326482315038e-05,
    5.535387134395311e-05,
    3.4782277416509036e-05,
    5.7859250222433075e-05,
    5.485498281510833e-05,
    4.8321044914257054e-05
  ],
  "lr": [
    0.0008,
    0.0007999122733899382,
    0.0007996491320395434,
    0.0007992106913713087,
    0.0007985971436998018,
    0.0007978087581473094,
    0.0007968458805257912,
    0.0007957089331851954,
    0.0007943984148282019,
    0.0007929149002914754,
    0.0007912590402935221,
    0.0007894315611492639,
    0.0007874332644514523,
    0.0007852650267190632,
    0.0007829277990128267,
    0.0007804226065180614,
    0.0007777505480949924,
    0.0007749127957967565,
    0.0007719105943553004,
    0.0007687452606354001,
    0.0007654181830570403,
    0.0007619308209864077,
    0.000758284704095765,
    0.0007544814316924857,
    0.0007505226720175452,
    0.0007464101615137752,
    0.0007421457040642025,
    0.0007377311702008059,
    0.0007331684962840396,
    0.0007284596836534814,
    0.0007236067977499787,
    0.0007186119672096782,
    0.0007134773829303357,
    0.0007082052971103155,
    0.0007027980222607023,
    0.0006972579301909575,
    0.0006915874509685644,
    0.0006857890718531211,
    0.0006798653362053461,
    0.0006738188423714754,
    0.0006676522425435432,
    0.0006613682415960422,
    0.0006549695958994759,
    0.0006484591121113241,
    0.0006418396459449499,
    0.0006351141009169892,
    0.0006282854270737727,
    0.0006213566196973376,
    0.0006143307179915985,
    0.000607210803749252,
    0.0005999999999999998,
    0.0005927014696406859,
    0.0005853184140479445,
    0.0005778540716739707,
    0.0005703117166260288,
    0.0005626946572303198,
    0.0005550062345808409,
    0.000547249821073871,
    0.0005394288189287258,
    0.000531546658695433,
    0.0005236067977499787
  ],
  "extra": {
    "val_rmse_pct": [
      5.822485787527902,
      3.0233169555664063,
      1.9488292149135045,
      1.8012728009905135,
      1.4124974931989398,
      1.002182333809989,
      1.3878341674804686,
      1.4870484488351006,
      1.6228800092424667,
      0.7485338483537946,
      1.0802916390555246,
      1.053926958356585,
      0.7032069069998605,
      1.2579748971121651,
      1.3655440194266182,
      0.7282610212053571,
      1.105082266671317,
      0.6855812617710659,
      0.7472781045096262,
      0.9989290509905133,
      0.7308387756347656,
      1.142043958391462,
      0.7024180276053292,
      1.0541685921805246,
      0.8482748849051339,
      0.8547649928501674,
      0.8361168452671597,
      0.6524603707449778,
      0.8223245893205916,
      0.6640782492501395,
      0.9650177001953124,
      0.8160067967006138,
      0.8627290998186383,
      0.6844935825892857,
      0.7228081839425223,
      0.4859597342354911,
      1.036700875418527,
      0.9259618486676897,
      0.8048036847795759,
      0.6508598872593471,
      0.5812075478690011,
      0.7806708199637277,
      0.7597369602748326,
      0.7800892421177456,
      0.6271832057407924,
      0.8829576219831193,
      0.8231097630092076,
      0.5268314906529018,
      0.8501923152378627,
      0.9522420610700334,
      0.6167996542794364,
      0.7661117008754185,
      0.7678074428013393,
      0.6612606048583984,
      0.6217980521065848,
      0.8036994389125279,
      0.7440018245152065,
      0.5897650037493024,
      0.7606527600969587,
      0.7406415666852678,
      0.6951334272112165
    ],