{
  "name": "fusion_ds3",
  "epochs": [
    1,
    2,
    3,
    4,
    5,
    6,
    7,
    8,
    9,
    10,
    11,
    12,
    13,
    14,
    15,
    16,
    17,
    18,
    19,
    20,
    21,
    22,
    23,
    24,
    25,
    26,
    27,
    28,
    29,
    30,
    31,
    32,
    33,
    34,
    35,
    36,
    37,
    38,
    39,
    40,
    41,
    42,
    43,
    44,
    45,
    46,
    47,
    48,
    49,
    50,
    51,
    52,
    53,
    54,
    55,
    56,
    57,
    58,
    59,
    60,
    61,
    62,
    63,
    64,
    65
  ],
  "train_loss": [
    0.5459688031331055,
    0.08561267629654849,
    0.05014883511682715,
    0.04257327194858158,
    0.03845527217220077,
    0.0341655421856178,
    0.031339086911230114,
    0.02961350658679911,
    0.02754207150937683,
    0.025796837281853974,
    0.0248012516530858,
    0.024915530892482936,
    0.024485734992176683,
    0.023914496458619445,
    0.023486398609826833,
    0.023073740579752013,
    0.022413025849909757,
    0.021887238122347753,
    0.021785756011855822,
    0.021046040753782885,
    0.021528467997013745,
    0.020894156675542615,
    0.020718428851457863,
    0.020604113478690154,
    0.020293594145899343,
    0.020274492582748826,
    0.019924487594719344,
    0.019428666579894546,
    0.01914339364061312,
    0.01945280641920417,
    0.018851055426634945,
    0.018754654435085876,
    0.018775883335474267,
    0.018371684994188675,
    0.018463133265782274,
    0.0182931578472529,
    0.018172052582390314,
    0.017603375898873525,
    0.017860878763754435,
    0.017296408626491656,
    0.0169655896412019,
    0.016911307860447904,
    0.01729012208822969,
    0.0175621086746143,
    0.01718729997720015,
    0.016958278046030912,
    0.01646469903103132,
    0.016341129989988188,
    0.016123920704381584,
    0.01605403836495571,
    0.015922555462128965,
    0.015566021988931898,
    0.015567349387678092,
    0.015815538737932632,
    0.015439876699066348,
    0.015152977770753692,
    0.015041711627853446,
    0.014901781042760564,
    0.015139769716553059,
    0.014399982584207549,
    0.014934625308328446,
    0.014638307110914673,
    0.014190249842428664,
    0.014206867035740972,
    0.014537665365122784
  ],
  "val_loss": [
    0.04208922748193306,
    0.0012451803024833995,
    0.00109253988607328,
    0.0007408474311394184,
    0.0007904950294991119,
    0.0007384760454781919,
    0.0008408033860738262,
    0.00028765409247476985,
    0.0005665064795415469,
    0.00013865412509880977,
    0.0004298772800253167,
    0.0003499369139009339,
    0.00015292177683877843,
    0.0004039416150260644,
    0.0004832697567608765,
    0.00011804997274518789,
    0.0003298365888781765,
    6.897987115021124e-05,
    0.00014817216100247976,
    6.0890453772663814e-05,
    0.00015451640310877056,
    5.6130186818265345e-05,
    0.0001511163363099874,
    0.00019210656203830578,
    0.0002829819077266271,
    0.00018564740967595396,
    9.60048603261629e-05,
    0.00016305789173683737,
    0.00012006011837992389,
    0.00014878709653065158,
    0.00012393514757042594,
    3.4182838521849306e-05,
    3.4591056802461567e-05,
    0.00010843304492969574,
    0.00022430993503448502,
    4.69818379964332e-05,
    0.00011626784558409983,
    7.444527202211078e-05,
    7.353782847749955e-05,
    2.9570617513032126e-05,
    0.00022972316163998106,
    0.00013622517117709246,
    0.00016901244504332802,
    7.554786097977528e-05,
    0.00018254602065313923,
    8.802137331564359e-05,
    8.390213558834183e-05,
    0.0002236276856924603,
    0.0001273660268028491,
    9.657730249417319e-05,
    7.91637037038286e-05,
    7.277033180644869e-05,
    6.874848294542565e-05,
    0.00015636290263974485,
    0.0001742335000032975,
    4.995964596819723e-05,
    9.924124869762428e-05,
    5.887910206509257e-05,
    6.426885570530777e-05,
    7.199263301174966e-05,
    0.00010122347485734687,
    9.774286582775075e-05,
    0.00020343886280266686,
    0.00017329544604729674,
    0.0001444076703065388
  ],
  "lr": [
    0.0008,
    0.0007999122733899382,
    0.0007996491320395434,
    0.0007992106913713087,
    0.0007985971436998018,
    0.0007978087581473094,
    0.0007968458805257912,
    0.0007957089331851954,
    0.0007943984148282019,
    0.0007929149002914754,
    0.0007912590402935221,
    0.0007894315611492639,
    0.0007874332644514523,
    0.0007852650267190632,
    0.0007829277990128267,
    0.0007804226065180614,
    0.0007777505480949924,
    0.0007749127957967565,
    0.0007719105943553004,
    0.0007687452606354001,
    0.0007654181830570403,
    0.0007619308209864077,
    0.000758284704095765,
    0.0007544814316924857,
    0.0007505226720175452,
    0.0007464101615137752,
    0.0007421457040642025,
    0.0007377311702008059,
    0.0007331684962840396,
    0.0007284596836534814,
    0.0007236067977499787,
    0.0007186119672096782,
    0.0007134773829303357,
    0.0007082052971103155,
    0.0007027980222607023,
    0.0006972579301909575,
    0.0006915874509685644,
    0.0006857890718531211,
    0.0006798653362053461,
    0.0006738188423714754,
    0.0006676522425435432,
    0.0006613682415960422,
    0.0006549695958994759,
    0.0006484591121113241,
    0.0006418396459449499,
    0.0006351141009169892,
    0.0006282854270737727,
    0.0006213566196973376,
    0.0006143307179915985,
    0.000607210803749252,
    0.0005999999999999998,
    0.0005927014696406859,
    0.0005853184140479445,
    0.0005778540716739707,
    0.0005703117166260288,
    0.0005626946572303198,
    0.0005550062345808409,
    0.000547249821073871,
    0.0005394288189287258,
    0.000531546658695433,
    0.0005236067977499787,
    0.0005156127187777884,
    0.0005075679282461061,
    0.0004994759548659416,
    0.0004913403480442621
  ],
  "extra": {
    "val_rmse_pct": [
      20.5156591796875,
      3.528711242675781,
      3.3053591918945315,
      2.721851501464844,
      2.8115744018554687,
      2.7174917602539064,
      2.899660949707031,
      1.696036834716797,
      2.380139617919922,
      1.1775149536132812,
      2.0733482360839846,
      1.870659942626953,
      1.2366152954101561,
      2.009829864501953,
      2.198339691162109,
      1.0865080261230469,
      1.816140441894531,
      0.8305412292480469,
      1.2172598266601562,
      0.780323486328125,
      1.243046188354492,
      0.7492007446289062,
      1.2292938232421875,
      1.3860252380371094,
      1.6822065734863283,
      1.3625248718261718,
      0.9798206329345703,
      1.2769412994384766,
      1.0957194519042968,
      1.219783172607422,
      1.1132615661621093,
      0.5846608352661132,
      0.588141746520996,
      1.0413118743896486,
      1.4976980590820312,
      0.6854330444335938,
      1.0782756042480468,
      0.8628166961669922,
      0.8575420379638672,
      0.543788719177246,
      1.515662078857422,
      1.1671553802490235,
      1.3000477600097655,
      0.8691828918457032,
      1.3510958862304687,
      0.9381970977783203,
      0.9159811401367188,
      1.495418701171875,
      1.1285655975341797,
      0.9827375793457032,
      0.8897398376464845,
      0.8530552673339844,
      0.8291470336914063,
      1.2504515838623047,
      1.3199752807617187,
      0.7068214416503906,
      0.9961991119384765,
      0.7673271942138672,
      0.801678466796875,
      0.8484847259521484,
      1.0060987091064453,
      0.9886498260498047,
      1.4263198852539063,
      1.3164173889160156,
      1.2016973876953125
    ],