{
  "name": "fusion_ds1",
  "epochs": [
    1,
    2,
    3,
    4,
    5,
    6,
    7,
    8,
    9,
    10,
    11,
    12,
    13,
    14,
    15,
    16,
    17,
    18,
    19,
    20,
    21,
    22,
    23,
    24,
    25,
    26,
    27,
    28,
    29,
    30,
    31,
    32,
    33,
    34,
    35,
    36,
    37,
    38,
    39,
    40,
    41,
    42,
    43
  ],
  "train_loss": [
    0.20558758091229304,
    0.015332434262729181,
    0.006909615128274011,
    0.004687987220402015,
    0.003416186178780893,
    0.002888931228051582,
    0.0023123620524502678,
    0.0019792627154493142,
    0.0017369300557452361,
    0.0016998255730753377,
    0.0014315864441416981,
    0.00134800343526385,
    0.0013093754320864784,
    0.0012417397572752889,
    0.0012122294322861674,
    0.0011761003431037215,
    0.0011588044858923318,
    0.0010608521606980841,
    0.0010669267473951056,
    0.0010625369237356411,
    0.0010833074504924317,
    0.001015196973126374,
    0.0010376208807641855,
    0.0010008116271243777,
    0.001045653847216853,
    0.0010058691650767146,
    0.0009968311917339285,
    0.0010260768021806321,
    0.0009672032696916922,
    0.0009474803537705349,
    0.0009144494420367287,
    0.000973655758998833,
    0.0009155277278095859,
    0.0009523325295326623,
    0.0008953600653870948,
    0.0009607698153788802,
    0.000914995317173129,
    0.0009270676090570014,
    0.0008926685495036067,
    0.000876430229181552,
    0.000881462711931567,
    0.0008515001517998153,
    0.0008663245726834816
  ],
  "val_loss": [
    0.00468904886013691,
    0.0007818847586924336,
    0.00036952454707415386,
    0.00024468041296039016,
    0.00014667943241205935,
    0.00013288117528856237,
    5.8279733910591685e-05,
    4.502988806611742e-05,
    5.8491723188265965e-05,
    5.82972449620382e-05,
    5.765159609142286e-05,
    5.589685115316735e-05,
    4.771799109342887e-05,
    4.538805105607479e-05,
    4.980594038604558e-05,
    5.472039030014627e-05,
    4.117004626357391e-05,
    3.443806203877784e-05,
    3.424898308097221e-05,
    3.810705510791687e-05,
    4.0304395628191014e-05,
    3.3682997807697606e-05,
    2.698219425329677e-05,
    3.302205639747206e-05,
    2.2495751931889096e-05,
    4.599786187016591e-05,
    3.155080643036662e-05,
    4.7590975729033875e-05,
    3.2522755618827475e-05,
    5.0282568042926116e-05,
    3.0069086423456278e-05,
    7.960728944060477e-05,
    6.694536773155731e-05,
    3.330449736583726e-05,
    2.6619023679508147e-05,
    6.690426998059259e-05,
    4.899546334055624e-05,
    5.7480231919938405e-05,
    4.2178200613737125e-05,
    3.775595914846939e-05,
    4.401122160706154e-05,
    5.0785337672332765e-05,
    5.257519362178804e-05
  ],
  "lr": [
    0.0008,
    0.0007998629299902229,
    0.0007994518139018296,
    0.0007987669334932514,
    0.0007978087581473094,
    0.0007965779445495242,
    0.0007950753362380552,
    0.000793301963025582,
    0.0007912590402935223,
    0.0007889479681590706,
    0.0007863703305156272,
    0.0007835278939472772,
    0.0007804226065180614,
    0.0007770565964368714,
    0.0007734321705988806,
    0.0007695518130045147,
    0.0007654181830570403,
    0.0007610341137399443,
    0.0007564026096753471,
    0.0007515268450647861,
    0.0007464101615137755,
    0.0007410560657416369,
    0.0007354682271781696,
    0.0007296504754488063,
    0.000723606797749979,
    0.0007173413361164941,
    0.0007108583845827884,
    0.0007041623862400125,
    0.0006972579301909577,
    0.000690149748404915,
    0.000682842712474619,
    0.0006753418302775016,
    0.0006676522425435433,
    0.0006597792193320735,
    0.000651728156419935,
    0.0006435045716034883,
    0.0006351141009169894,
    0.0006265624947699332,
    0.000617855614006011,
    0.0006089994258863797,
    0.0006000000000000002,
    0.0005908635041038436,
    0.0005815961998958188
  ],
  "extra": {
    "val_rmse_pct": [
      6.847662789481027,
      2.7962206159319196,
      1.922302028111049,
      1.5642262050083704,
      1.2111127580915177,
      1.1527409144810268,
      0.7634117126464844,
      0.6710431235177177,
      0.7647987910679409,
      0.7635262625558036,
      0.7592864990234375,
      0.7476420266287668,
      0.6907821110316685,
      0.673706545148577,
      0.7057332175118582,
      0.7397323608398437,
      0.6416388375418527,
      0.5868395669119699,
      0.5852263314383371,
      0.6173090798514229,
      0.6348574502127512,
      0.5803705487932478,
      0.5194438934326172,
      0.5746481759207589,
      0.4742968423025949,
      0.6782172611781528,
      0.5617010934012276,
      0.6898621150425502,
      0.5702872685023717,
      0.7091020311628069,
      0.5483528682163783,
      0.8922291891915457,
      0.8182015555245536,
      0.5771004268101283,
      0.515936279296875,
      0.8179502759660994,
      0.6999676295689174,
      0.7581571851457868,
      0.6494475228445871,
      0.6144587925502232,
      0.6634094783238003,
      0.7126383100237165,
      0.7250875745500837
    ],
    "w_relax": [
      0.5081459942148693,
      0.4837683826240141,
      0.4705001716293506,
      0.46427705216763626,
      0.4612781098529474,
      0.4600825647809612,
      0.4599456582496415,
      0.4605046435078578,
      0.4607273647144659,
      0.4603446174913378,
      0.4602441334012729,
      0.45968448137169454,
      0.45888800007193836,
      0.457973085232635,
      0.4572380803414245,
      0.45638399382135764,
      0.45505658637231855,
      0.4537720524553043,
      0.4527073066626022,
      0.4517344894693859,
      0.45038946840300487,
      0.4491485504072104,
      0.44733612928817523,
      0.4466592211331894,
      0.4451562864566917,
      0.44429548774192584,
      0.44386006958449065,
      0.44301053080985797,
      0.4429143996381048,
      0.4424605067096539,
      0.4422092700182502,
      0.4419366552758573,
      0.4423584551063936,
      0.4411913850414219,
      0.4390608041144129,
      0.4371439512096234,
      0.4374359872803759,
      0.4381831350611217,
      0.43698271397334426,
      0.43691565874797195,
      0.43803025581943456,
      0.4375360496898196,
      0.4375798150674621
    ],
    "w_cc": [
      0.4918531966743185,
      0.5162308865518712,
      0.5294991224559386,
      0.5357222565964087,
      0.5387212109209886,
      0.5399167662236228,
      0.5400536772030503,
      0.5394946968377526,
      0.539271982748117,
      0.5396547299712452,
      0.5397552189542286,
      0.540314877211158,
      0.5411113553972386,
      0.5420262751294606,
      0.5427612929201838,
      0.5436153669855488,
      0.5449427739897771,
      0.5462273163581962,
      0.5472920625957091,
      0.5482648700030882,
      0.549609893293523,
      0.5508508255232626,
      0.5526632337427851,
      0.5533401467906895,
      0.554843077908701,
      0.5557038837404393,
      0.5561392885535511,
      0.5569888335555347,
      0.5570849598343692,
      0.5575388554316848,
      0.5577900970160071,
      0.558062709979157,
      0.5576409074797559,
      0.5588079699829444,
      0.5609385611406014,
      0.5628553975873919,
      0.5625633695232335,
      0.5618162297490817,
      0.5630166406062111,
      0.563083702948556,
      0.561969100539364,
      0.5624633093378437,
      0.5624195435153905
    ]
  }
}