{
  "name": "fusion_ds2",
  "epochs": [
    1,
    2,
    3,
    4,
    5,
    6,
    7,
    8,
    9,
    10,
    11,
    12,
    13,
    14,
    15,
    16,
    17,
    18,
    19,
    20,
    21,
    22,
    23,
    24,
    25,
    26,
    27,
    28,
    29,
    30,
    31,
    32,
    33,
    34,
    35,
    36
  ],
  "train_loss": [
    0.18833865766366517,
    0.020490143406039316,
    0.01478873331128301,
    0.011401625398141173,
    0.008903564992567973,
    0.006759082848868022,
    0.0050158711830191735,
    0.004144194850076307,
    0.003142721016730892,
    0.002637566805019902,
    0.0021196652808553214,
    0.00171583616385926,
    0.0014626231975903012,
    0.001260526896409186,
    0.0010057342489771877,
    0.0009704597706307492,
    0.0008844466920413057,
    0.0007524014567446352,
    0.0007119902757793342,
    0.0006238927565595246,
    0.0006351758255347671,
    0.0005375407265951511,
    0.0005363315146171352,
    0.0005050461452043095,
    0.0005586894086627233,
    0.0005144511566888791,
    0.0005048669253864891,
    0.00045223178661389526,
    0.0004336287165738758,
    0.0004505850526754845,
    0.000458978688238676,
    0.000420677303796571,
    0.00042568447049199574,
    0.00044125806077043207,
    0.0003863681147341181,
    0.00036589974423951544
  ],
  "val_loss": [
    0.0010672656749342812,
    0.00024032859358593178,
    9.235890341500764e-05,
    0.00012749330140218905,
    9.376207740150044e-05,
    4.89819994400764e-05,
    5.433320586758115e-05,
    5.576388314909864e-05,
    2.0712383385642417e-05,
    6.322889363815065e-05,
    3.1510362813129314e-05,
    2.3359935170996306e-05,
    2.2353714084163854e-05,
    1.8427273881461623e-05,
    4.5657106484327466e-05,
    3.8715293546840926e-05,
    5.008003042709736e-05,
    1.3023456032316737e-05,
    3.199380922341316e-05,
    2.4039919330467155e-05,
    2.491507415442748e-05,
    6.009198365786517e-05,
    1.835025851379678e-05,
    1.7177311463291002e-05,
    2.4136732932656397e-05,
    2.3449014649295515e-05,
    2.764300583965728e-05,
    1.8077982056216475e-05,
    2.235664013124426e-05,
    2.044012261905732e-05,
    2.2793759579152116e-05,
    2.7823455384990694e-05,
    2.850056695999882e-05,
    2.772582315500341e-05,
    1.4371535915065248e-05,
    2.1120582792637054e-05
  ],
  "lr": [
    0.0008,
    0.0007998629299902229,
    0.0007994518139018296,
    0.0007987669334932514,
    0.0007978087581473094,
    0.0007965779445495242,
    0.0007950753362380552,
    0.000793301963025582,
    0.0007912590402935223,
    0.0007889479681590706,
    0.0007863703305156272,
    0.0007835278939472772,
    0.0007804226065180614,
    0.0007770565964368714,
    0.0007734321705988806,
    0.0007695518130045147,
    0.0007654181830570403,
    0.0007610341137399443,
    0.0007564026096753471,
    0.0007515268450647861,
    0.0007464101615137755,
    0.0007410560657416369,
    0.0007354682271781696,
    0.0007296504754488063,
    0.000723606797749979,
    0.0007173413361164941,
    0.0007108583845827884,
    0.0007041623862400125,
    0.0006972579301909577,
    0.000690149748404915,
    0.000682842712474619,
    0.0006753418302775016,
    0.0006676522425435433,
    0.0006597792193320735,
    0.000651728156419935,
    0.0006435045716034883
  ],
  "extra": {
    "val_rmse_pct": [
      3.2669032505580358,
      1.5502534048897878,
      0.9610353742327009,
      1.1291293552943638,
      0.9683081490652902,
      0.6998714447021485,
      0.7371105739048549,
      0.7467521667480469,
      0.45510853358677456,
      0.7951659066336495,
      0.5613408769880022,
      0.483321053641183,
      0.47279706682477673,
      0.4292699813842773,
      0.6757003784179687,
      0.6222161429268973,
      0.7076723916190011,
      0.36088025229317805,
      0.5656306675502232,
      0.490305164882115,
      0.4991500309535435,
      0.7751901354108538,
      0.42837202889578685,
      0.4144552230834961,
      0.49129137311662946,
      0.48424170357840407,
      0.525766100202288,
      0.42518212454659593,
      0.4728280203683035,
      0.4521074840000697,
      0.47742810930524554,
      0.5274794442313058,
      0.5338591984340123,
      0.5265531812395369,
      0.3790980747767857,
      0.4595713479178292
    ],
    "w_relax": [
      0.5236273718916852,
      0.5134309931941654,
      0.5051470198061155,
      0.49868804281172546,
      0.4932362706117008,
      0.48905559272869775,
      0.48703960815201636,
      0.4864313774134802,
      0.4873302303578543,
      0.4880780062597731,
      0.4890868456467338,
      0.4897402673959732,
      0.49030237126609555,
      0.49105825501939526,
      0.4914768302570219,
      0.491802500317926,
      0.4923025437671205,
      0.4921537397996239,
      0.4915117776912192,
      0.49174100905656815,
      0.49138930763887323,
      0.49073366756024567,
      0.49032928762228595,
      0.4893789874470752,
      0.48868090043897217,
      0.4874207989677139,
      0.4862874503368917,
      0.48579002690056095,
      0.4851668091571849,
      0.48461448368818866,
      0.4837147233926732,
      0.48264559779478156,
      0.4815873591148335,
      0.4803651966478514,
      0.4796145234418952,
      0.4785746883438981
    ],
    "w_cc": [
      0.4763718227977338,
      0.4865682222273039,
      0.494852208248947,
      0.5013111972290537,
      0.5067629775275355,
      0.5109436654526255,
      0.5129596545644428,
      0.5135678817396578,
      0.5126690372176792,
      0.5119212652030198,
      0.510912426787874,
      0.5102590063343877,
      0.5096969066754632,
      0.5089410187109656,
      0.5085224444451539,
      0.5081967750321263,
      0.5076967380616976,
      0.5078455384658731,
      0.5084875057572904,
      0.5082582773073859,
      0.5086099745138831,
      0.5092656158882639,
      0.5096699958262236,
      0.5106203018323235,
      0.5113183830095374,
      0.5125784828611042,
      0.5137118334355562,
      0.5142092588155166,
      0.5148324752631395,
      0.5153848010560741,
      0.5162845642670341,
      0.5173536921324937,
      0.5184119291927504,
      0.5196340874485348,
      0.5203847600066144,
      0.5214245928370435
    ]
  }
}