{
  "name": "fusion_ds1",
  "epochs": [
    1,
    2,
    3,
    4,
    5,
    6,
    7,
    8,
    9,
    10,
    11,
    12,
    13,
    14,
    15,
    16,
    17,
    18,
    19,
    20,
    21,
    22,
    23,
    24,
    25,
    26,
    27,
    28,
    29,
    30,
    31,
    32,
    33,
    34,
    35,
    36,
    37,
    38,
    39,
    40
  ],
  "train_loss": [
    0.3794410901173846,
    0.039190556743825294,
    0.03169134295734918,
    0.028126583114300843,
    0.025891881922223383,
    0.024897940375609034,
    0.0242295687267779,
    0.02303930436443222,
    0.022784937132609442,
    0.02214295147218141,
    0.021789731988546994,
    0.021456511506946472,
    0.02054270566022959,
    0.02020251309943746,
    0.019976484309015247,
    0.01951194120653048,
    0.019056347206126294,
    0.019210275463200366,
    0.018402028680806034,
    0.018257671533035764,
    0.018124325236576196,
    0.017389243481670043,
    0.017117264785614896,
    0.016683447181738642,
    0.016920384915882207,
    0.015891963856641534,
    0.015897953815797533,
    0.015455502496481253,
    0.014820538660048004,
    0.014833112301773164,
    0.014271717249621113,
    0.013971398956333973,
    0.01367294316036358,
    0.013392458417179122,
    0.012889254959618679,
    0.012723087809485742,
    0.012234042374287239,
    0.011962558679630662,
    0.011649326184391004,
    0.011605736331530739
  ],
  "val_loss": [
    0.002378968382378199,
    0.00033971815763686773,
    0.0004949130076116181,
    0.00022613147726925395,
    0.0003307243270805767,
    0.00025951485885550974,
    8.399318720688149e-05,
    5.9175865997615146e-05,
    0.00018643109368069672,
    2.8309636128927518e-05,
    0.00020665730623801038,
    5.548193003987109e-05,
    0.00013751701592114863,
    3.729210844215505e-05,
    2.4840852839179326e-05,
    0.00010968308118151072,
    6.490588426061952e-05,
    0.00010469607325450922,
    0.0001247897191348026,
    4.154221504934713e-05,
    0.00011595179311336184,
    6.976570865612715e-05,
    3.110056802123567e-05,
    7.582328505107527e-05,
    3.775780917264206e-05,
    0.0001552066399229107,
    8.669364023711962e-05,
    5.437991261353531e-05,
    6.455247066365885e-05,
    5.319747736518044e-05,
    3.074056915388444e-05,
    7.539164895382268e-05,
    5.079369952953859e-05,
    4.431706606201204e-05,
    9.472697817373473e-05,
    4.40499338822922e-05,
    2.6925748089123777e-05,
    5.068229740505072e-05,
    7.999374433413368e-05,
    5.796153206825651e-05
  ],
  "lr": [
    0.0008,
    0.0007999122733899382,
    0.0007996491320395434,
    0.0007992106913713087,
    0.0007985971436998018,
    0.0007978087581473094,
    0.0007968458805257912,
    0.0007957089331851954,
    0.0007943984148282019,
    0.0007929149002914754,
    0.0007912590402935221,
    0.0007894315611492639,
    0.0007874332644514523,
    0.0007852650267190632,
    0.0007829277990128267,
    0.0007804226065180614,
    0.0007777505480949924,
    0.0007749127957967565,
    0.0007719105943553004,
    0.0007687452606354001,
    0.0007654181830570403,
    0.0007619308209864077,
    0.000758284704095765,
    0.0007544814316924857,
    0.0007505226720175452,
    0.0007464101615137752,
    0.0007421457040642025,
    0.0007377311702008059,
    0.0007331684962840396,
    0.0007284596836534814,
    0.0007236067977499787,
    0.0007186119672096782,
    0.0007134773829303357,
    0.0007082052971103155,
    0.0007027980222607023,
    0.0006972579301909575,
    0.0006915874509685644,
    0.0006857890718531211,
    0.0006798653362053461,
    0.0006738188423714754
  ],
  "extra": {
    "val_rmse_pct": [
      4.877467128208705,
      1.8431444440569198,
      2.2246640886579243,
      1.5037667410714284,
      1.8185828072684151,
      1.6109464372907365,
      0.9164779663085938,
      0.769258553641183,
      1.3653976440429687,
      0.5320679800851005,
      1.4375579833984375,
      0.7448618752615792,
      1.172676522391183,
      0.6106727055140904,
      0.4984059470040458,
      1.047296905517578,
      0.8056418827601842,
      1.0232110159737724,
      1.117093222481864,
      0.6445325578962053,
      1.0768091474260604,
      0.8352587563650948,
      0.5576788766043527,
      0.8707656860351562,
      0.6144738333565848,
      1.2458196367536272,
      0.931094251360212,
      0.7374274117606027,
      0.8034455980573383,
      0.7293660300118582,
      0.5544417790004186,
      0.8682836260114398,
      0.7126970563616071,
      0.6657106672014509,
      0.973277827671596,
      0.6637012481689454,
      0.5189002445765905,
      0.7119149889264788,
      0.8943922315325056,
      0.7613247462681361
    ],
    "w_relax": [
      0.5058608682769717,
      0.4775268801233985,
      0.474146590088353,
      0.4728512330488725,
      0.470673966588396,
      0.46918876920685626,
      0.4695173849662145,
      0.46957115919301007,
      0.46890252918908093,
      0.46905498838785925,
      0.46824923654397327,
      0.4685809377467994,
      0.4677382337324547,
      0.46724326592503174,
      0.46638320702494995,
      0.46528268628048175,
      0.4643070043036432,
      0.4639081300208063,
      0.46291158957914874,
      0.46213442945119104,
      0.4615924010674159,
      0.46022876555269415,
      0.4586401879787445,
      0.45771804090702173,
      0.45680617383032135,
      0.4566648801167806,
      0.45513858262336615,
      0.45456992947694025,
      0.4539204434011922,
      0.45329688579747174,
      0.45206111805005506,
      0.45082097748915356,
      0.44987285859657056,
      0.449673282829198,
      0.4494506549654585,
      0.4485761500669248,
      0.4476573516925176,
      0.4458295955802455,
      0.44532698889573413,
      0.4453187891931245
    ],
    "w_cc": [
      0.49413835912039783,
      0.5224724195220254,
      0.5258526991714131,
      0.5271480535015916,
      0.5293253163496653,
      0.5308105051517487,
      0.5304818966171958,
      0.5304281223904003,
      0.5310967474272756,
      0.530944285067645,
      0.5317500378146316,
      0.5314183415788593,
      0.532261048302506,
      0.5327560034665194,
      0.5336160732038093,
      0.5347165916905259,
      0.5356922682487604,
      0.5360911470471006,
      0.5370876861341072,
      0.5378648412950111,
      0.538406873291189,
      0.539770503838857,
      0.5413590868314108,
      0.5422812266783281,
      0.5431930937550284,
      0.5433343955964753,
      0.5448606890259367,
      0.5454293381084095,
      0.5460788228295066,
      0.5467023840456298,
      0.5479381481806437,
      0.5491782896446459,
      0.5501264144073833,
      0.5503259806921987,
      0.5505486067497369,
      0.5514231161637739,
      0.5523419127319799,
      0.554169667489601,
      0.5546722628853538,
      0.5546804711674199
    ]
  }
}