{
  "name": "fusion_ds2",
  "epochs": [
    1,
    2,
    3,
    4,
    5,
    6,
    7,
    8,
    9,
    10,
    11,
    12,
    13,
    14,
    15,
    16,
    17,
    18,
    19,
    20,
    21,
    22,
    23,
    24,
    25,
    26,
    27,
    28,
    29,
    30,
    31,
    32,
    33,
    34,
    35,
    36,
    37,
    38,
    39,
    40,
    41,
    42,
    43,
    44,
    45,
    46,
    47,
    48,
    49,
    50,
    51,
    52,
    53,
    54,
    55,
    56,
    57,
    58,
    59,
    60,
    61,
    62,
    63,
    64,
    65,
    66,
    67,
    68,
    69,
    70,
    71,
    72,
    73,
    74,
    75,
    76,
    77,
    78,
    79,
    80,
    81,
    82,
    83,
    84,
    85,
    86,
    87,
    88,
    89,
    90,
    91,
    92,
    93,
    94,
    95,
    96,
    97,
    98,
    99,
    100,
    101,
    102,
    103,
    104,
    105
  ],
  "train_loss": [
    0.26824604826171344,
    0.0351857723268088,
    0.028148403304078008,
    0.02495270352893899,
    0.023231063905468082,
    0.02198929555749028,
    0.021191491562478945,
    0.020444889893893717,
    0.020070430529810456,
    0.019295463895503323,
    0.01894493920251502,
    0.01847582112673384,
    0.017687241204260625,
    0.017192544209381634,
    0.017215565660734847,
    0.016301675502838214,
    0.01575858278895201,
    0.015418944051673635,
    0.014798521871420965,
    0.014358049272786614,
    0.013764238403465663,
    0.01346308620551818,
    0.012825920622163702,
    0.012512449882028329,
    0.011752748656133617,
    0.011352726476604453,
    0.010935338648709879,
    0.010528526176064604,
    0.010143255598229222,
    0.009463755346672863,
    0.009065787325763299,
    0.008600424112796098,
    0.008172036689159489,
    0.007970852838670139,
    0.007374234155949847,
    0.006967573150280963,
    0.006585140067216327,
    0.0061942328006538315,
    0.005857465470997684,
    0.005550598746337344,
    0.005165551179829229,
    0.004813709743408185,
    0.004502834204611326,
    0.004212341597115382,
    0.0039267730520340625,
    0.0036317002439460195,
    0.0033756227259878493,
    0.0031910946907855097,
    0.0029233303071749778,
    0.0027124410478803884,
    0.0025588426323282783,
    0.0023731835250922575,
    0.0022310969836364307,
    0.002084984305692047,
    0.0019025173140358603,
    0.001799130629373753,
    0.0016582886153897114,
    0.0015479065385548573,
    0.001487238208302498,
    0.0013681670118358058,
    0.0013075374682737866,
    0.0012196138106292077,
    0.0011377416197975911,
    0.0010987081607246138,
    0.001050962235178574,
    0.0009731272806188225,
    0.0009510042948115158,
    0.0009146030525616827,
    0.0008627706434043735,
    0.0008534604385329622,
    0.0007817493307100653,
    0.0007697400434650734,
    0.0007567370203131331,
    0.0007339022934553981,
    0.0007070879466702406,
    0.000696471845917027,
    0.0006942913457861319,
    0.0006690759009879724,
    0.0006551267440203393,
    0.0006476294915939345,
    0.0006431444634272792,
    0.0006415118667367851,
    0.0006136510155668527,
    0.0006105575431604236,
    0.0006294651692831317,
    0.0005985144818960975,
    0.0006019865495855873,
    0.0005899987715175099,
    0.00059660702473828,
    0.0005902732981985353,
    0.0005854732338822894,
    0.0005738737518358433,
    0.0005832123903701213,
    0.0005746391189090506,
    0.0005662961889179104,
    0.000576270198368594,
    0.0005745841909208083,
    0.0005652783202981564,
    0.0005599376237453536,
    0.0005567820818023271,
    0.0005535625617285726,
    0.0005661230538404641,
    0.0005570812090682705,
    0.0005470651230617286,
    0.0005558703696476769
  ],
  "val_loss": [
    0.0010072855195164293,
    0.0002153013115071516,
    0.00020148365311031265,
    0.00022193290734937092,
    6.679307898888714e-05,
    6.254126489052015e-05,
    5.564953370046538e-05,
    0.00021928617314035664,
    9.707334542395948e-05,
    0.00010226486270601079,
    2.581477328063424e-05,
    2.6773411828908946e-05,
    2.4772457135284785e-05,
    4.3844367839454665e-05,
    3.3327059659825645e-05,
    4.6152899955408394e-05,
    2.5529316872368675e-05,
    1.3551244116636298e-05,
    2.506899154792924e-05,
    2.3185272367637486e-05,
    6.039307177525778e-05,
    1.5003234272043688e-05,
    1.130371292834759e-05,
    2.6330371672436836e-05,
    1.512195882577261e-05,
    1.2324312035358438e-05,
    2.646182684013003e-05,
    2.7955659838145727e-05,
    9.242825184428083e-06,
    1.2458769898756393e-05,
    8.939765339813033e-06,
    7.108282089175595e-06,
    8.154736559267788e-06,
    7.850780063246227e-06,
    2.1687661128954626e-05,
    1.5574949998417182e-05,
    7.761158719883162e-06,
    9.080655109301216e-06,
    3.519276309725641e-05,
    2.0206723648635477e-05,
    7.097977378559629e-06,
    8.704433411328728e-06,
    1.0625007315381374e-05,
    5.974684886793093e-06,
    9.739950179342818e-06,
    6.5455406549636445e-06,
    9.02643376998448e-06,
    8.240873558078378e-06,
    7.705432581773521e-06,
    9.54666238035722e-06,
    5.7348043221295324e-06,
    6.649331277043952e-06,
    8.706209405518175e-06,
    8.493693235523105e-06,
    6.049536379945394e-06,
    6.686502031467755e-06,
    6.310491622721102e-06,
    8.864100341352532e-06,
    5.367807365631259e-06,
    6.444883352079122e-06,
    5.598379260868579e-06,
    5.4966049855933e-06,
    7.09161287365156e-06,
    5.700159683131672e-06,
    8.364052615495551e-06,
    5.519411604482234e-06,
    5.851373776979831e-06,
    9.987081520538906e-06,
    5.574493683855627e-06,
    6.3128360245599415e-06,
    6.003207152889677e-06,
    5.802550274816624e-06,
    6.708332142029553e-06,
    6.961607505386629e-06,
    8.219579313875225e-06,
    6.601345787258778e-06,
    5.775395039496611e-06,
    5.942476827490794e-06,
    5.755702274342056e-06,
    5.124300617367485e-06,
    6.849505751376049e-06,
    6.471673407794191e-06,
    5.9201424752050196e-06,
    8.86944207376203e-06,
    5.938303022765766e-06,
    5.860233446690994e-06,
    5.767927851248403e-06,
    7.259245760671556e-06,
    5.793415096033263e-06,
    6.08917151031228e-06,
    7.2749772505086705e-06,
    5.7793077859628965e-06,
    5.581038662169048e-06,
    5.631405786206085e-06,
    6.150782256913011e-06,
    6.142190169895024e-06,
    5.853494487775316e-06,
    6.174165560316506e-06,
    6.194376343996672e-06,
    6.319967716683829e-06,
    5.93842647477101e-06,
    6.555935696643942e-06,
    5.80092755091541e-06,
    6.103471560803151e-06,
    6.854526168869954e-06
  ],