{
  "name": "fusion_ds2",
  "epochs": [
    1,
    2,
    3,
    4,
    5,
    6,
    7,
    8,
    9,
    10,
    11,
    12,
    13,
    14,
    15,
    16,
    17,
    18,
    19,
    20,
    21,
    22,
    23,
    24,
    25,
    26,
    27,
    28,
    29,
    30,
    31,
    32,
    33,
    34,
    35,
    36,
    37,
    38,
    39,
    40,
    41,
    42,
    43,
    44,
    45,
    46,
    47,
    48,
    49,
    50,
    51,
    52,
    53,
    54,
    55,
    56,
    57,
    58,
    59,
    60,
    61,
    62,
    63,
    64,
    65,
    66,
    67,
    68,
    69,
    70,
    71,
    72,
    73,
    74,
    75,
    76,
    77,
    78
  ],
  "train_loss": [
    0.22782935994814654,
    0.02364054436602883,
    0.0169101805978391,
    0.01235637394090758,
    0.008955198241751073,
    0.00660187335596066,
    0.0048721822382585215,
    0.00393623770065907,
    0.0031714524229092627,
    0.0027510730253065777,
    0.002279302064967452,
    0.002107202534301911,
    0.001883368617431684,
    0.0016548233653093738,
    0.0014296817146997112,
    0.0013201921240105188,
    0.0010743744151627303,
    0.0010683987832707305,
    0.0010054192765623217,
    0.0009358716143255711,
    0.000868409361064411,
    0.0007689616733853449,
    0.0007353661190096804,
    0.0006927461623171951,
    0.0006899637581803058,
    0.0006644761867837872,
    0.0006118730779483237,
    0.0005700186567247879,
    0.0006008265755150296,
    0.0005284535712373144,
    0.0005279984193252154,
    0.0005312382955300806,
    0.0005420421390571747,
    0.0005010090443058416,
    0.0004983496679467392,
    0.0004141581570070331,
    0.0004362674487340495,
    0.00042790608480052216,
    0.000397096144212969,
    0.0004008131632288394,
    0.00044103634949894103,
    0.0003854317613607199,
    0.0003915171442881158,
    0.0003820262895790455,
    0.0003996154140463267,
    0.0003594841459689792,
    0.00036474822372567305,
    0.0003402768791836774,
    0.00036087382495658476,
    0.0003591750925829646,
    0.00034163045843616836,
    0.0003510401549459389,
    0.0003597196573313236,
    0.000340938252664907,
    0.00033598959935135655,
    0.00033806740958263436,
    0.0003349609918742087,
    0.0002994703814822646,
    0.00032116455928865074,
    0.0002983259647239322,
    0.0003039792147828399,
    0.00030875780180192596,
    0.000296784978518091,
    0.00027687908521783393,
    0.00030282001151456044,
    0.0002949798693868542,
    0.0002784986307884721,
    0.00030718852020646445,
    0.00027215734394352956,
    0.0002726934707962188,
    0.0002732905481379576,
    0.000261894405942112,
    0.0002863702166382178,
    0.0002572935861951263,
    0.00026471590446690936,
    0.0002713305139952324,
    0.00027846051537609137,
    0.00026105576299998096
  ],
  "val_loss": [
    0.0010483529334158852,
    0.00031625425711363873,
    0.00016409629069858814,
    0.00010221782552389814,
    0.00010142601541605411,
    7.450311639246537e-05,
    8.079392711263997e-05,
    5.4544336242310536e-05,
    4.488226634956251e-05,
    0.00010237154130698383,
    6.531187724201297e-05,
    2.9317106696379756e-05,
    3.524685928605811e-05,
    3.670226239468583e-05,
    5.8434152071532026e-05,
    2.8880173761023173e-05,
    4.941900390156749e-05,
    3.245609381933657e-05,
    2.6366943877402583e-05,
    4.029024850478764e-05,
    2.4202060827492785e-05,
    5.009062837329643e-05,
    3.832282589928813e-05,
    3.9001475946719775e-05,
    2.2098058030171466e-05,
    3.318498724223481e-05,
    4.4754691090479655e-05,
    2.2117955897123332e-05,
    2.2046161411548375e-05,
    2.4222207337405643e-05,
    3.086778873619988e-05,
    2.9965059872934073e-05,
    3.357216265680628e-05,
    3.580053212037444e-05,
    3.1428886161217294e-05,
    3.186789189860908e-05,
    3.0470990454851407e-05,
    1.6787588796282862e-05,
    2.816296419825003e-05,
    2.7808263535978425e-05,
    2.0906246224553732e-05,
    1.7465309003965895e-05,
    3.343122640746288e-05,
    1.5727190774032477e-05,
    2.1093228481185414e-05,
    2.3076197681599135e-05,
    2.8215462331983187e-05,
    2.9720909686024927e-05,
    3.250885373926124e-05,
    2.043348435750779e-05,
    2.175970247809936e-05,
    2.379240528535876e-05,
    1.0695962588837256e-05,
    2.4576296482231743e-05,
    2.6869231182779906e-05,
    3.4574859794151624e-05,
    2.5899242679836534e-05,
    3.302857325502489e-05,
    2.7670773724762653e-05,
    2.3872556964831875e-05,
    2.019030806375991e-05,
    2.801209878419742e-05,
    2.8267002506194537e-05,
    2.914823106636309e-05,
    1.762006438288522e-05,
    2.2263106486262713e-05,
    2.921388270255763e-05,
    2.1246824883297257e-05,
    2.0318108955040168e-05,
    2.895764290040679e-05,
    1.2158917730321288e-05,
    2.6319385818954198e-05,
    2.1602564332588314e-05,
    2.7998205189795448e-05,
    2.4944410869448812e-05,
    1.5732379964086512e-05,
    1.8487358341772573e-05,
    2.34014437037411e-05
  ],
  "lr": [
    0.0006,
    0.0005999342050424536,
    0.0005997368490296575,
    0.0005994080185284814,
    0.0005989478577748513,
    0.000598356568610482,
    0.0005976344103943434,
    0.0005967816998888965,
    0.0005957988111211515,
    0.0005946861752186066,
    0.0005934442802201417,
    0.0005920736708619481,
    0.0005905749483385894,
    0.0005889487700392975,
    0.0005871958492596201,
    0.0005853169548885461,
    0.0005833129110712444,
    0.0005811845968475675,
    0.0005789329457664754,
    0.0005765589454765502,
    0.0005740636372927803,
    0.0005714481157398059,
    0.0005687135280718239,
    0.0005658610737693644,
    0.000562892004013159,
    0.0005598076211353315,
    0.0005566092780481519,
    0.0005532983776506044,
    0.0005498763722130297,
    0.0005463447627401111,
    0.0005427050983124841,
    0.0005389589754072587,
    0.0005351080371977518,
    0.0005311539728327366,
    0.0005270985166955268,
    0.0005229434476432182,
    0.0005186905882264233,
    0.0005143418038898408,
    0.0005098990021540096,
    0.0005053641317786065,
    0.0005007391819076574,
    0.0004960261811970316,
    0.0004912271969246068,
    0.00048634433408349307,
    0.0004813797344587124,
    0.0004763355756877419,
    0.00047121407030532956,
    0.0004660174647730032,
    0.000460748038493699,
    0.00045540810281193906,
    0.00044999999999999993,
    0.0004445261022305145,
    0.0004389888105359585,
    0.0004333905537554782,
    0.00042773378746952174,
    0.00042202099292273996,
    0.0004162546759356308,
    0.00041043736580540337,
    0.0004045716141965445,
    0.0003986599940215749,
    0.00039270509831248416,
    0.0003867095390833414,
    0.0003806759461845796,
    0.00037460696614945627,
    0.0003685052610331966,
    0.0003623735072453277,
    0.0003562143943757173,
    0.0003500306240148305,
    0.00034382490856872336,
    0.0003375999700692911,
    0.00033135853898029596,
    0.0003251033529996945,
    0.0003188371558587939,
    0.0003125626961187598,
    0.000306282725965007,
    0.00029999999999999987,
    0.00029371727403499287,
    0.00028743730388124
  ],