{
  "name": "mae_short",
  "epochs": [
    1,
    2,
    3,
    4,
    5,
    6,
    7,
    8,
    9,
    10,
    11,
    12,
    13,
    14,
    15,
    16,
    17,
    18,
    19,
    20,
    21,
    22,
    23,
    24,
    25,
    26,
    27,
    28,
    29,
    30,
    31,
    32,
    33,
    34,
    35,
    36,
    37,
    38,
    39,
    40,
    41,
    42,
    43,
    44,
    45,
    46,
    47,
    48,
    49,
    50,
    51,
    52,
    53,
    54,
    55,
    56,
    57,
    58,
    59,
    60,
    61,
    62,
    63,
    64,
    65,
    66,
    67,
    68,
    69,
    70,
    71,
    72,
    73,
    74,
    75,
    76,
    77,
    78,
    79,
    80
  ],
  "train_loss": [
    0.053332849889002866,
    0.016557831102483947,
    0.009373295265899147,
    0.007951007499947729,
    0.016307572244584866,
    0.01650689325659772,
    0.05747311636453904,
    0.007330751821554284,
    0.005974129354172012,
    0.005047838067308904,
    0.006034564736816464,
    0.006729359588457895,
    0.012583346519017904,
    0.026358052867596387,
    0.044384217746686584,
    0.015915769677082366,
    0.035538061231310994,
    0.014769618911102456,
    0.007190382455744136,
    0.0048472462291943505,
    0.01511616752680483,
    0.004282759604511576,
    0.03374709637726474,
    0.02196387144256117,
    0.02953414707552111,
    0.004173974249883302,
    0.010552023674969595,
    0.0235084215412344,
    0.003195567215701398,
    0.011075127589866306,
    0.013931491066394748,
    0.006538243738476098,
    0.004512483525245506,
    0.013498817503629546,
    0.002120394647199204,
    0.008372278713391232,
    0.00844711910217567,
    0.015440024892509787,
    0.0035108622345022223,
    0.010620082640701795,
    0.005672381592923307,
    0.004519187792970069,
    0.007504861527671113,
    0.005929965593560903,
    0.00801886420828099,
    0.008503991913743411,
    0.004168265528080173,
    0.0070225249004410815,
    0.008205694756864093,
    0.005853109545209794,
    0.010720080150426498,
    0.0035586259415026026,
    0.001581217389160323,
    0.0047301405161625076,
    0.0029112015060685824,
    0.01646256653455344,
    0.0028171228870960885,
    0.01592284712343484,
    0.002965540308170663,
    0.0038838242891836364,
    0.0018834983114735329,
    0.001975569331279692,
    0.0012763969487333572,
    0.004511990153041682,
    0.0019787219881954384,
    0.004122117863781763,
    0.0016493158833100208,
    0.01684310649738357,
    0.008348399877181084,
    0.001362981057696703,
    0.0008453553809367961,
    0.0011730102791944672,
    0.014103523760833427,
    0.00042199519507660053,
    0.00045531898929614286,
    0.012270600035877958,
    0.0010818560917339045,
    0.00043252804773764777,
    0.04031959754343989,
    0.0007575470572074002
  ],
  "val_loss": [
    0.003513685315275532,
    0.005994018110070835,
    0.003972539190088578,
    0.003434661024233751,
    0.0054100993775615565,
    0.0043799247666213076,
    0.013193949076690172,
    0.005080932179433212,
    0.0019070434306437771,
    0.003260003125066297,
    0.002942370236524495,
    0.015594303656957652,
    0.0019004620967040722,
    0.01691306918336634,
    0.0016920446314064687,
    0.001467484022948172,
    0.00371879154587524,
    0.00253051681149947,
    0.0016816177991578322,
    0.00203898883008055,
    0.0016026812750568385,
    0.051823049914418606,
    0.0015328667390062229,
    0.0025458027069505894,
    0.0015096030771944737,
    0.0014357490601884038,
    0.0025464046109271677,
    0.0014774453940621594,
    0.0015330979418777453,
    0.0017131574690881137,
    0.0015582699684034054,
    0.0013457175539275468,
    0.0013604922809335811,
    0.0011718695265396188,
    0.005312249803784908,
    0.005095924487696928,
    0.001858470252747729,
    0.0011921267621545937,
    0.0011814700382385861,
    0.001118651677531664,
    0.0012168662123210531,
    0.001233389900319213,
    0.015186325352835027,
    0.001003633478448089,
    0.046256445086838904,
    0.001036853494792523,
    0.0011096964217518178,
    0.0010479359985574295,
    0.001263471532678395,
    0.010180490638799312,
    0.0009958722412671992,
    0.0013654514975649746,
    0.0028195314378918787,
    0.0023868217954019968,
    0.000890348521735225,
    0.001051314168491221,
    0.0010569407201265883,
    0.000969655922330148,
    0.0010246203481138014,
    0.0009389229562019178,
    0.0008880739555216247,
    0.0009284358458356572,
    0.0009078893620569847,
    0.0009985441620780253,
    0.0059377044570027735,
    0.0015820758948265983,
    0.0008590931694223464,
    0.0008186679864465667,
    0.0008413647735499564,
    0.0008873746662988866,
    0.009058836439068903,
    0.0008586838735745436,
    0.0009263925833357988,
    0.0009180401005626967,
    0.0008752438114147241,
    0.0008651211861880464,
    0.000960239375688201,
    0.0008522849259367049,
    0.07199713875327193,
    0.0008233441101191076
  ],
  "lr": [
    0.0009996145181203615,
    0.000998458666866564,
    0.0009965342284774632,
    0.0009938441702975688,
    0.0009903926402016151,
    0.0009861849601988382,
    0.0009812276182268236,
    0.0009755282581475768,
    0.0009690956679612421,
    0.0009619397662556433,
    0.0009540715869125406,
    0.0009455032620941839,
    0.0009362480035363986,
    0.0009263200821770461,
    0.0009157348061512728,
    0.0009045084971874739,
    0.0008926584654403725,
    0.0008802029828000156,
    0.0008671612547178428,
    0.0008535533905932737,
    0.0008394003727664709,
    0.0008247240241650919,
    0.000809546974654917,
    0.0007938926261462366,
    0.0007777851165098012,
    0.0007612492823579744,
    0.0007443106207484776,
    0.0007269952498697734,
    0.0007093298687687142,
    0.000691341716182545,
    0.0006730585285387465,
    0.0006545084971874737,
    0.0006357202249325371,
    0.0006167226819279528,
    0.0005975451610080642,
    0.0005782172325201155,
    0.0005587686987289189,
    0.0005392295478639225,
    0.0005196299078795343,
    0.0005,
    0.00048037009212046586,
    0.00046077045213607765,
    0.0004412313012710813,
    0.00042178276747988476,
    0.000402454838991936,
    0.00038327731807204744,
    0.00036427977506746286,
    0.00034549150281252644,
    0.00032694147146125374,
    0.0003086582838174553,
    0.00029067013123128623,
    0.0002730047501302268,
    0.0002556893792515226,
    0.00023875071764202575,
    0.000222214883490199,
    0.00020610737385376362,
    0.00019045302534508325,
    0.00017527597583490834,
    0.00016059962723352931,
    0.00014644660940672636,
    0.00013283874528215725,
    0.0001197970171999846,
    0.00010734153455962753,
    9.549150281252638e-05,
    8.426519384872754e-05,
    7.367991782295395e-05,
    6.375199646360155e-05,
    5.449673790581613e-05,
    4.5928413087459345e-05,
    3.806023374435665e-05,
    3.090433203875794e-05,
    2.447174185242325e-05,
    1.877238177317643e-05,
    1.3815039801161731e-05,
    9.607359798384792e-06,
    6.155829702431175e-06,
    3.4657715225368564e-06,
    1.5413331334360193e-06,
    3.8548187963854984e-07,
    0.0
  ],