{
  "name": "mae_short",
  "epochs": [
    1,
    2,
    3,
    4,
    5,
    6,
    7,
    8,
    9,
    10,
    11,
    12,
    13,
    14,
    15,
    16,
    17,
    18,
    19,
    20,
    21,
    22,
    23,
    24,
    25,
    26,
    27,
    28,
    29,
    30,
    31,
    32,
    33,
    34,
    35,
    36,
    37,
    38,
    39,
    40,
    41,
    42,
    43,
    44,
    45,
    46,
    47
  ],
  "train_loss": [
    0.033265879565522655,
    0.03086806865011282,
    0.021614937822552555,
    0.02708508732402275,
    0.016520197477568107,
    0.01619371088838052,
    0.014834975098339281,
    0.015060197220043196,
    0.017322306362644067,
    0.016491065218218227,
    0.013525567476559683,
    0.013226586840791235,
    0.013454905138368138,
    0.011042932320489633,
    0.01621497935731509,
    0.014111915592385449,
    0.01805767534695828,
    0.012937796388022614,
    0.011193666049410418,
    0.012797264577871214,
    0.012860030504376108,
    0.011188188439602766,
    0.014109359610112109,
    0.017509326215493608,
    0.011647880084812295,
    0.012937975391433154,
    0.0077775181268274485,
    0.0065917067620312846,
    0.01268698173005252,
    0.007297685991560525,
    0.008526525933840413,
    0.006858413585424336,
    0.006521166087368994,
    0.006083742637279949,
    0.00754136262159185,
    0.007601800916189239,
    0.004685354971290479,
    0.00881140583362822,
    0.00653392532106577,
    0.005110216267407005,
    0.00608558780065232,
    0.00516908816838682,
    0.0049646880576647,
    0.004494318303556205,
    0.004957726066994761,
    0.004533771423433422,
    0.0037800668193176856
  ],
  "val_loss": [
    0.002611174369797099,
    0.0026406384778528834,
    0.0026673042338685162,
    0.0025518267794789025,
    0.005054237462036009,
    0.0016429658504885753,
    0.00510032813081569,
    0.0019406000418595397,
    0.006723587991106217,
    0.0016131607232973434,
    0.03359199484682592,
    0.0015076269720835276,
    0.0012100914990344836,
    0.001741409480656204,
    0.0018975270661083907,
    0.001299066875324712,
    0.024582555396537125,
    0.001723060068068217,
    0.0014048550847636653,
    0.0016503121335779902,
    0.008465763719528485,
    0.001149302704368573,
    0.0010207962852693095,
    0.0012570926499880853,
    0.0012148948997416334,
    0.001112389137349864,
    0.001092938284305106,
    0.013831855387062206,
    0.0010101910605103735,
    0.0011095926462351446,
    0.001095186447528493,
    0.0009946563664783071,
    0.001187153467553571,
    0.036394829693032656,
    0.0009520089390202207,
    0.0010761538412961073,
    0.0010669245999830636,
    0.0010375595003460387,
    0.001046171108786626,
    0.001117431292952353,
    0.0011364698716920159,
    0.0011514781392653148,
    0.0013297082436845651,
    0.0011594048553299158,
    0.0012176615676465629,
    0.004706421353581759,
    0.0011335553399293469
  ],
  "lr": [
    0.0009993147673772868,
    0.0009972609476841365,
    0.0009938441702975688,
    0.0009890738003669028,
    0.0009829629131445341,
    0.0009755282581475769,
    0.0009667902132486009,
    0.0009567727288213005,
    0.0009455032620941839,
    0.0009330127018922195,
    0.0009193352839727121,
    0.0009045084971874737,
    0.0008885729807284855,
    0.0008715724127386972,
    0.0008535533905932738,
    0.0008345653031794292,
    0.0008146601955249188,
    0.0007938926261462366,
    0.0007723195175075136,
    0.00075,
    0.0007269952498697733,
    0.0007033683215379002,
    0.0006791839747726503,
    0.0006545084971874737,
    0.0006294095225512603,
    0.0006039558454088795,
    0.0005782172325201154,
    0.0005522642316338267,
    0.0005261679781214719,
    0.0005000000000000001,
    0.00047383202187852816,
    0.00044773576836617336,
    0.0004217827674798846,
    0.00039604415459112036,
    0.00037059047744873974,
    0.0003454915028125264,
    0.0003208160252273499,
    0.00029663167846210003,
    0.0002730047501302267,
    0.00025000000000000017,
    0.00022768048249248665,
    0.00020610737385376354,
    0.0001853398044750814,
    0.0001654346968205711,
    0.0001464466094067263,
    0.00012842758726130303,
    0.00011142701927151459
  ],
  "extra": {
    "smooth": [
      0.02244800775803538,
      0.02036925211873074,
      0.02004137940016896,
      0.020020487287099077,
      0.01985710753846567,
      0.019937906331389234,
      0.019941265677499535,
      0.019996365279878008,
      0.02007469815063267,
      0.020264840212615806,
      0.019833298033536065,
      0.020160016585779334,
      0.020246315286016787,
      0.020790923637658387,
      0.02007888862821073,
      0.020736872414695587,
      0.020285561430379483,
      0.019972758843133823,
      0.02109177711142893,
      0.020317097224272163,
      0.021036265879416143,
      0.02022226587522521,
      0.021180061040867306,
      0.020538315901774504,
      0.020727925852679137,
      0.020251332983840353,
      0.020939899747909423,
      0.021238454000226954,
      0.021097518286637338,
      0.021357864316037277,
      0.021120409726610067,
      0.02123730307568928,
      0.021908472888856664,
      0.021159049140585577,
      0.021622074847243614,
      0.022321110465739723,
      0.020348198828527665,
      0.021006060535892417,
      0.021124147671337964,
      0.02040785724240544,
      0.021999278305612848,
      0.021925814287782317,
      0.02174025900051415,
      0.02159145294332564,
      0.021663637944705192,
      0.021508471408990752,
      0.021161962192953302
    ],
    "total_loss": [
      0.035061720403224736,
      0.03249760875176275,
      0.02321824722505456,
      0.028686726777964522,
      0.018108765639870125,
      0.01778874350253244,
      0.016430276246637284,
      0.016659906487377252,
      0.01892828193999177,
      0.0181122523080739,
      0.015112231312095525,
      0.014839388014886727,
      0.015074610016230228,
      0.012706206032802585,
      0.017821290540565138,
      0.01577086508816369,
      0.019680519773813295,
      0.01453561679609912,
      0.01288100836622896,
      0.014422632318285613,
      0.014542932047181689,
      0.012805969317350141,
      0.015803764255661983,
      0.019152390790956528,
      0.013306113795335873,
      0.014558082100538302,
      0.00945271016984489,
      0.008290783114986822,
      0.014374783133996703,
      0.009006315273267245,
      0.010216158954123238,
      0.008557397773820558,
      0.00827384364150516,
      0.00777646651842051,
      0.0092711285603736,
      0.009387489406759177,
      0.00631321094149992,
      0.010491890587912,
      0.008223857157347667,
      0.006742844858278093,
      0.007845529993118796,
      0.006923153306813366,
      0.006703908709785818,
      0.00622163439253487,
      0.0066908170622493705,
      0.006254449150918535,
      0.0054730238232024025
    ]
  }
}