{
  "name": "fusion_ds3",
  "epochs": [
    1,
    2,
    3,
    4,
    5,
    6,
    7,
    8,
    9,
    10,
    11,
    12,
    13,
    14,
    15,
    16,
    17,
    18,
    19,
    20,
    21,
    22,
    23,
    24,
    25,
    26,
    27,
    28,
    29,
    30,
    31,
    32,
    33,
    34,
    35,
    36,
    37,
    38,
    39,
    40,
    41,
    42,
    43,
    44,
    45,
    46,
    47,
    48,
    49,
    50,
    51,
    52,
    53,
    54,
    55,
    56,
    57
  ],
  "train_loss": [
    0.5779697317367434,
    0.10543468905218899,
    0.04573285100159695,
    0.03925884149326668,
    0.03683679488052276,
    0.03401571920934296,
    0.03214946223845992,
    0.030204881134372467,
    0.028303105328669746,
    0.027013282501199536,
    0.025174249844824987,
    0.0254027596818327,
    0.025198443422662992,
    0.024210820979300118,
    0.02324674962667199,
    0.02318619362932117,
    0.022488167676734238,
    0.02172892999789111,
    0.02189418023778004,
    0.021121312920052763,
    0.021679732687868585,
    0.0205428969037206,
    0.02050616690310268,
    0.0202695138343943,
    0.020168907989020757,
    0.020180551936319853,
    0.019905950315782982,
    0.019324685404607272,
    0.01896751914805594,
    0.019205056526758964,
    0.018799204780056332,
    0.018762014655508197,
    0.01853551434610749,
    0.018359091994656594,
    0.018593092894001666,
    0.018200805018760518,
    0.018164678540460125,
    0.01778077057151819,
    0.01779487388155012,
    0.017317028588788006,
    0.01692671119369197,
    0.016988775959875503,
    0.017235470160491782,
    0.017432335544348386,
    0.017162738787131895,
    0.016981456354844042,
    0.016630476568740435,
    0.01640771959395228,
    0.016253719928214817,
    0.016091555649750226,
    0.015893215605838337,
    0.015668611783368935,
    0.015647765195517565,
    0.015931506395612312,
    0.015625794027146565,
    0.015289292376556534,
    0.015102945814789432
  ],
  "val_loss": [
    0.09809079863244179,
    0.001255052596524584,
    0.001455756239673838,
    0.00101687987042094,
    0.0009041855560207574,
    0.0007505701963917035,
    0.0007442815184851789,
    0.00022214540399594836,
    0.0003071942097970048,
    0.00016304058045019554,
    0.0005054563574832328,
    0.0003061282111093434,
    0.0001535143404229344,
    0.0004568991297754962,
    0.0002567505629616032,
    0.00012154332129789795,
    0.00028675818036021485,
    9.156339104871171e-05,
    0.0001256438356030272,
    5.362804478070741e-05,
    0.00012484708408988738,
    7.342137174111127e-05,
    0.00016024812587300504,
    0.000178723290982836,
    0.00012385095277732468,
    8.476458675755337e-05,
    6.621203702468416e-05,
    0.00013938179308318265,
    0.00015602034563097673,
    0.00018169578576941294,
    0.00014156975466232756,
    3.627565166147309e-05,
    5.6803256774284837e-05,
    0.00014335149394069472,
    0.00018739464759438777,
    4.4560122531949824e-05,
    0.00012305631845736968,
    5.143520638443643e-05,
    0.00010816301188861988,
    4.5516402935387e-05,
    0.00022057479413109074,
    0.00013428840406416812,
    0.0002038464548143027,
    7.970192683800053e-05,
    0.00017657057420550614,
    0.00010827195036695733,
    4.706473378646399e-05,
    0.00014392645532616824,
    0.0001490531073087208,
    0.00011945999916360073,
    7.846950272546673e-05,
    8.318538892682876e-05,
    9.521711496494856e-05,
    9.898160970133452e-05,
    0.0001214052390897093,
    4.773876082289503e-05,
    0.00012394916791460777
  ],
  "lr": [
    0.0008,
    0.0007999122733899382,
    0.0007996491320395434,
    0.0007992106913713087,
    0.0007985971436998018,
    0.0007978087581473094,
    0.0007968458805257912,
    0.0007957089331851954,
    0.0007943984148282019,
    0.0007929149002914754,
    0.0007912590402935221,
    0.0007894315611492639,
    0.0007874332644514523,
    0.0007852650267190632,
    0.0007829277990128267,
    0.0007804226065180614,
    0.0007777505480949924,
    0.0007749127957967565,
    0.0007719105943553004,
    0.0007687452606354001,
    0.0007654181830570403,
    0.0007619308209864077,
    0.000758284704095765,
    0.0007544814316924857,
    0.0007505226720175452,
    0.0007464101615137752,
    0.0007421457040642025,
    0.0007377311702008059,
    0.0007331684962840396,
    0.0007284596836534814,
    0.0007236067977499787,
    0.0007186119672096782,
    0.0007134773829303357,
    0.0007082052971103155,
    0.0007027980222607023,
    0.0006972579301909575,
    0.0006915874509685644,
    0.0006857890718531211,
    0.0006798653362053461,
    0.0006738188423714754,
    0.0006676522425435432,
    0.0006613682415960422,
    0.0006549695958994759,
    0.0006484591121113241,
    0.0006418396459449499,
    0.0006351141009169892,
    0.0006282854270737727,
    0.0006213566196973376,
    0.0006143307179915985,
    0.000607210803749252,
    0.0005999999999999998,
    0.0005927014696406859,
    0.0005853184140479445,
    0.0005778540716739707,
    0.0005703117166260288,
    0.0005626946572303198,
    0.0005550062345808409
  ],
  "extra": {
    "val_rmse_pct": [
      31.319450683593754,
      3.5426721191406254,
      3.815437622070313,
      3.1888555908203124,
      3.0069680786132813,
      2.7396533203125,
      2.7281524658203127,
      1.4904542541503907,
      1.7526957702636718,
      1.276873321533203,
      2.248235626220703,
      1.7496520996093752,
      1.2390089416503907,
      2.137519989013672,
      1.6023439025878907,
      1.1024669647216796,
      1.6933935546875,
      0.9568875885009767,
      1.1209095001220704,
      0.7323117065429687,
      1.117349853515625,
      0.8568627929687499,
      1.2658914947509765,
      1.3368742370605469,
      1.1128832244873048,
      0.9206767272949218,
      0.8137078094482423,
      1.180600814819336,
      1.2490811920166016,
      1.3479457092285156,
      1.1898310089111328,
      0.6022925186157226,
      0.7536792755126953,
      1.1972944641113281,
      1.3689215087890625,
      0.6675336456298828,
      1.1093076324462892,
      0.7171833801269532,
      1.0400145721435545,
      0.674658432006836,
      1.4851760864257812,
      1.1588287353515625,
      1.4277479553222656,
      0.8927593994140625,
      1.3287983703613282,
      1.0405380249023437,
      0.6860374450683594,
      1.199693374633789,
      1.2208730316162109,
      1.0929776763916017,
      0.8858298492431641,
      0.9120603942871094,
      0.9757926177978515,
      0.9948949432373048,
      1.1018405151367188,
      0.6909324645996094,
      1.113324508666992
    ],