{
  "name": "fusion_ds3",
  "epochs": [
    1,
    2,
    3,
    4,
    5,
    6,
    7,
    8,
    9,
    10,
    11,
    12,
    13,
    14,
    15,
    16,
    17,
    18,
    19,
    20,
    21,
    22,
    23,
    24,
    25,
    26,
    27,
    28,
    29,
    30,
    31,
    32,
    33,
    34,
    35,
    36,
    37,
    38,
    39,
    40,
    41,
    42,
    43,
    44,
    45,
    46,
    47,
    48,
    49,
    50,
    51,
    52,
    53,
    54,
    55,
    56,
    57,
    58,
    59,
    60,
    61,
    62
  ],
  "train_loss": [
    0.521398739746283,
    0.21085876645058316,
    0.06490390598968489,
    0.023259484495082507,
    0.01830514626232202,
    0.01674952028178204,
    0.016342640924936175,
    0.015283005911244114,
    0.014526875800509055,
    0.014083144483557724,
    0.01231431731025326,
    0.0119438118517749,
    0.011184717166692252,
    0.010261093677257433,
    0.009287725352528978,
    0.009101250618890744,
    0.008451014785363531,
    0.0073953596262295316,
    0.006635490266299823,
    0.006541219528511595,
    0.005639187860066757,
    0.005219960864633322,
    0.005135638612582696,
    0.004895303056723688,
    0.004015294650287486,
    0.0036822314861695,
    0.003590716362758187,
    0.003318409689923374,
    0.00302714989362552,
    0.0026919176958880675,
    0.002486945562521798,
    0.0022772411147117927,
    0.0019840457153265842,
    0.0019001534403187488,
    0.0018002325086550442,
    0.0016190534990703975,
    0.0016935443067339591,
    0.0015492035226784549,
    0.00139968368138476,
    0.0013275717721289077,
    0.001289784443970799,
    0.0012221552078386004,
    0.0011729987411134859,
    0.0011231148090242718,
    0.0011408860331970235,
    0.0010348472629634873,
    0.0009189548023171509,
    0.0009610582874387542,
    0.0009922518097618036,
    0.0008983277900548112,
    0.0008553181990115434,
    0.0008646744217689565,
    0.0008142741676055226,
    0.0008444679437470245,
    0.0007807257178229798,
    0.0007659392106752872,
    0.0008320492150641336,
    0.0007686991346075975,
    0.0006613092110966461,
    0.00072291567380596,
    0.0007168540422252669,
    0.0006901418051607031
  ],
  "val_loss": [
    0.18111024968277606,
    0.01586019915251825,
    0.0017752349376678467,
    0.000852062522459961,
    0.0007097864616460242,
    0.0005537362490455396,
    0.00043273227463058175,
    0.0004242466774783269,
    0.00041541602632228826,
    0.0003837137250734772,
    0.0002641128517541865,
    0.00027189209830993683,
    0.0003496069065143643,
    0.00033391163625841287,
    0.00021183228932337232,
    0.00022823655262686426,
    0.00019533478871084864,
    0.00015645871775269248,
    0.0001334678704917043,
    0.00019173888962336063,
    0.0001322968242742493,
    0.000171652132414944,
    0.00012569782806968482,
    0.00017757129950404427,
    0.00011849569847682034,
    0.00017786956919506677,
    0.0001846702240100393,
    0.00013766069280351321,
    0.00012974398222766057,
    0.0001631511492480942,
    0.00015160238568281146,
    9.531525333377647e-05,
    0.00020310636650197158,
    0.00010260963436709051,
    0.00012938648163302602,
    0.00011593121590816018,
    7.989399797745744e-05,
    0.00012183972430332623,
    0.00012767042584895053,
    0.0001488545517600798,
    0.00011957172958943952,
    0.0001528866451694236,
    0.0001040018121196753,
    0.00010574400554251516,
    0.00013432707920379598,
    0.00015177868241989691,
    0.0001492858571434745,
    0.0001830329144789702,
    0.00018070829696872488,
    0.0001817876533675866,
    0.00016051279118288624,
    0.00015501006872043691,
    0.00015428162093017727,
    0.0001450772286107897,
    0.0001501820096645076,
    0.00015729946567153723,
    0.00014734483544195552,
    0.00013202895489147583,
    0.00015941443257114633,
    0.000140282246657928,
    0.00014754920923140975,
    0.00014491307341095682
  ],
  "lr": [
    0.0006,
    0.0005999342050424536,
    0.0005997368490296575,
    0.0005994080185284814,
    0.0005989478577748513,
    0.000598356568610482,
    0.0005976344103943434,
    0.0005967816998888965,
    0.0005957988111211515,
    0.0005946861752186066,
    0.0005934442802201417,
    0.0005920736708619481,
    0.0005905749483385894,
    0.0005889487700392975,
    0.0005871958492596201,
    0.0005853169548885461,
    0.0005833129110712444,
    0.0005811845968475675,
    0.0005789329457664754,
    0.0005765589454765502,
    0.0005740636372927803,
    0.0005714481157398059,
    0.0005687135280718239,
    0.0005658610737693644,
    0.000562892004013159,
    0.0005598076211353315,
    0.0005566092780481519,
    0.0005532983776506044,
    0.0005498763722130297,
    0.0005463447627401111,
    0.0005427050983124841,
    0.0005389589754072587,
    0.0005351080371977518,
    0.0005311539728327366,
    0.0005270985166955268,
    0.0005229434476432182,
    0.0005186905882264233,
    0.0005143418038898408,
    0.0005098990021540096,
    0.0005053641317786065,
    0.0005007391819076574,
    0.0004960261811970316,
    0.0004912271969246068,
    0.00048634433408349307,
    0.0004813797344587124,
    0.0004763355756877419,
    0.00047121407030532956,
    0.0004660174647730032,
    0.000460748038493699,
    0.00045540810281193906,
    0.00044999999999999993,
    0.0004445261022305145,
    0.0004389888105359585,
    0.0004333905537554782,
    0.00042773378746952174,
    0.00042202099292273996,
    0.0004162546759356308,
    0.00041043736580540337,
    0.0004045716141965445,
    0.0003986599940215749,
    0.00039270509831248416,
    0.0003867095390833414
  ],
  "extra": {
    "val_rmse_pct": [
      42.55705078125,
      12.59372802734375,
      4.213353881835938,
      2.9190109252929686,
      2.664181823730469,
      2.3531600952148435,
      2.080221862792969,
      2.059724884033203,
      2.0381758117675783,
      1.9588612365722655,
      1.625155029296875,
      1.6489151000976563,
      1.8697779846191407,
      1.827324981689453,
      1.4554460144042969,
      1.5107498168945312,
      1.3976222229003905,
      1.2508344268798828,
      1.155282897949219,
      1.3846981811523438,
      1.150203399658203,
      1.3101608276367187,
      1.121150588989258,
      1.3325587463378907,
      1.0885572052001953,
      1.3336773681640626,
      1.3589341735839844,
      1.1732889556884765,
      1.139052047729492,
      1.277306365966797,
      1.2312692260742188,
      0.9762953186035156,
      1.4251539611816406,
      1.0129641723632812,
      1.1374818420410155,
      1.0767135620117188,
      0.8938345336914063,
      1.1038102722167968,
      1.129913330078125,
      1.2200596618652344,
      1.0934886932373047,
      1.2364735412597656,
      1.019812698364258,
      1.0283190155029296,
      1.1589957427978514,
      1.2319849395751952,
      1.2218258666992188,
      1.3528965759277345,
      1.3442778015136718,
      1.3482865905761718,
      1.2669365692138672,
      1.2450303649902343,
      1.242101593017578,
      1.20447998046875,
      1.2254878234863282,
      1.254190902709961,
      1.2138568878173828,
      1.1490385437011719,
      1.2625942993164063,
      1.1844080352783204,
      1.214698257446289,
      1.2037984466552734
    ],