{
  "name": "fusion_ds1_s44",
  "epochs": [
    1,
    2,
    3,
    4,
    5,
    6,
    7,
    8,
    9,
    10,
    11,
    12,
    13,
    14,
    15,
    16,
    17,
    18,
    19,
    20,
    21,
    22,
    23,
    24,
    25,
    26,
    27,
    28,
    29,
    30,
    31,
    32,
    33,
    34,
    35,
    36,
    37,
    38,
    39,
    40,
    41,
    42,
    43,
    44,
    45,
    46,
    47,
    48
  ],
  "train_loss": [
    0.3348365947981765,
    0.034250917047514796,
    0.02748192541272987,
    0.024750089479866354,
    0.022677314106979336,
    0.021804588324480387,
    0.020975841215143884,
    0.02007572802113682,
    0.01951926577721233,
    0.01940328762508016,
    0.018717224762076858,
    0.018391461415164106,
    0.018230970449240883,
    0.017431523150307715,
    0.017280336470074282,
    0.016867444501789758,
    0.016519330364336938,
    0.016030951438190253,
    0.015592321673347759,
    0.01523278629343583,
    0.014926248752422003,
    0.01457472335785463,
    0.014511748444812069,
    0.014091615832964048,
    0.013806239408902658,
    0.013423485215891323,
    0.013045564609288879,
    0.012582615477673144,
    0.011912989809647204,
    0.012042870986684481,
    0.011682878257557162,
    0.011353363738454948,
    0.011045310339866075,
    0.010613457130352234,
    0.010398821805283462,
    0.009984801424188412,
    0.009624364645966733,
    0.009403924714917642,
    0.009116583655258604,
    0.008621569630592156,
    0.008471184547057196,
    0.008253657820954002,
    0.007930218377023904,
    0.007690993069868885,
    0.007487859664050194,
    0.007229030437177501,
    0.006915009228718992,
    0.0068176505847549595
  ],
  "val_loss": [
    0.0011596684768042315,
    0.0005062404051844265,
    0.00026506368972549553,
    0.00015024790046734533,
    0.00014612168317330968,
    0.00012267052081487735,
    9.91522419148283e-05,
    4.8833625745329885e-05,
    0.00013786116648509193,
    4.845946124613226e-05,
    0.00010851200038325523,
    6.166152822290715e-05,
    7.788291520801866e-05,
    8.52912870335319e-05,
    5.842422284870485e-05,
    2.9029220810760375e-05,
    3.143853418571489e-05,
    5.0232320680712104e-05,
    4.996884802913441e-05,
    7.816132830030885e-05,
    3.603111519547922e-05,
    8.764419572817504e-05,
    2.027080001535682e-05,
    3.465403571661868e-05,
    3.5875463934324786e-05,
    4.648393460180852e-05,
    3.7837492942576817e-05,
    5.9129266121950305e-05,
    4.151162333284879e-05,
    2.906509838771995e-05,
    4.398369671613269e-05,
    8.514029938254932e-05,
    4.1082655820235206e-05,
    8.445561480328908e-05,
    5.697557307822844e-05,
    3.5815838224861234e-05,
    7.770849121271214e-05,
    7.009007044665609e-05,
    5.1898914246246414e-05,
    3.5620262126850785e-05,
    3.50983424041236e-05,
    4.7793149920849804e-05,
    2.5639361795405334e-05,
    3.4193497431389884e-05,
    3.1482839371626635e-05,
    6.21663965164742e-05,
    3.6306109336994944e-05,
    3.221908604070055e-05
  ],
  "lr": [
    0.0008,
    0.0007999122733899382,
    0.0007996491320395434,
    0.0007992106913713087,
    0.0007985971436998018,
    0.0007978087581473094,
    0.0007968458805257912,
    0.0007957089331851954,
    0.0007943984148282019,
    0.0007929149002914754,
    0.0007912590402935221,
    0.0007894315611492639,
    0.0007874332644514523,
    0.0007852650267190632,
    0.0007829277990128267,
    0.0007804226065180614,
    0.0007777505480949924,
    0.0007749127957967565,
    0.0007719105943553004,
    0.0007687452606354001,
    0.0007654181830570403,
    0.0007619308209864077,
    0.000758284704095765,
    0.0007544814316924857,
    0.0007505226720175452,
    0.0007464101615137752,
    0.0007421457040642025,
    0.0007377311702008059,
    0.0007331684962840396,
    0.0007284596836534814,
    0.0007236067977499787,
    0.0007186119672096782,
    0.0007134773829303357,
    0.0007082052971103155,
    0.0007027980222607023,
    0.0006972579301909575,
    0.0006915874509685644,
    0.0006857890718531211,
    0.0006798653362053461,
    0.0006738188423714754,
    0.0006676522425435432,
    0.0006613682415960422,
    0.0006549695958994759,
    0.0006484591121113241,
    0.0006418396459449499,
    0.0006351141009169892,
    0.0006282854270737727,
    0.0006213566196973376
  ],
  "extra": {
    "val_rmse_pct": [
      3.4053904942103794,
      2.2499786376953126,
      1.6280776977539064,
      1.2257563999720982,
      1.2088080269949777,
      1.107567378452846,
      0.9957521711077009,
      0.6988105773925781,
      1.1741430010114398,
      0.6961283002580915,
      1.0416909354073662,
      0.7852485656738282,
      0.8825129917689732,
      0.9235327584402903,
      0.764357430594308,
      0.5387877328055245,
      0.5607008252825056,
      0.7087476457868304,
      0.7068865094866071,
      0.8840889522007533,
      0.6002592359270368,
      0.936184801374163,
      0.4502310616629464,
      0.58867677961077,
      0.5989613124302455,
      0.6817913055419922,
      0.6151219504220146,
      0.7689556121826172,
      0.644295174734933,
      0.5391205923897879,
      0.6632021222795759,
      0.9227149963378907,
      0.6409575871058872,
      0.9189974103655133,
      0.7548217228480748,
      0.5984634399414063,
      0.8815242767333984,
      0.8371981484549386,
      0.7204090663364956,
      0.596827152797154,
      0.5924385615757534,
      0.691325923374721,
      0.506353269304548,
      0.5847520010811942,
      0.561095700945173,
      0.7884567260742187,
      0.6025455474853516,
      0.5676186152866908
    ],
    "w_relax": [
      0.5091728297146884,
      0.4615215505614425,
      0.45735230048497516,
      0.45514508856065344,
      0.4532240182161331,
      0.45174030417745764,
      0.4505897051457203,
      0.44839762647946674,
      0.44654705262545386,
      0.4443130375760974,
      0.4444908617120801,
      0.44511649960821326,
      0.44423608572194073,
      0.4432691710464882,
      0.44196263497525995,
      0.44494255609584576,
      0.44454309118516516,
      0.44497832926836883,
      0.44455207071521063,
      0.44591606837330444,
      0.4451365132223476,
      0.44462060070399084,
      0.4440688734704798,
      0.4444486182747465,
      0.44339868697253143,
      0.443292519811428,
      0.44351827240351477,
      0.4431569770430074,
      0.44328836193590454,
      0.44298916468114563,
      0.4419615124211167,
      0.44087861839568976,
      0.4415364455093037,
      0.4419695653698661,
      0.44222955676642334,
      0.4413116867795135,
      0.44054286543167,
      0.43892946658712445,
      0.438020721077919,
      0.4386745117830508,
      0.4376777582096331,
      0.43790753682454425,
      0.4385932738130743,
      0.43792260054386023,
      0.43652631523031177,
      0.43678499577623425,
      0.43722333736491925,
      0.43658333520094555
    ],