{
  "name": "fusion_ds1_s43",
  "epochs": [
    1,
    2,
    3,
    4,
    5,
    6,
    7,
    8,
    9,
    10,
    11,
    12,
    13,
    14,
    15,
    16,
    17,
    18,
    19,
    20,
    21,
    22,
    23,
    24,
    25,
    26,
    27,
    28,
    29,
    30,
    31,
    32,
    33,
    34,
    35,
    36,
    37,
    38,
    39,
    40,
    41,
    42,
    43,
    44,
    45
  ],
  "train_loss": [
    0.5353166574522721,
    0.06324032316383262,
    0.024828936370418327,
    0.01943913088785421,
    0.01612336867656792,
    0.013266067519239897,
    0.012389651944455739,
    0.010379768246917845,
    0.00978108948960222,
    0.008797350697580177,
    0.00789091402894865,
    0.006728493895146084,
    0.0062696822981551225,
    0.005415689904547693,
    0.00541580838265159,
    0.004599494549503385,
    0.004440686382258578,
    0.00407396583881603,
    0.003754318739498926,
    0.0035768125728061974,
    0.003260772750544508,
    0.002848251975235807,
    0.0030426932502952866,
    0.0026643793345108,
    0.0025448657371166476,
    0.0022851826455293944,
    0.002222067228294911,
    0.002389163827703218,
    0.0023311747183775845,
    0.0021542238577934043,
    0.0018426995255438577,
    0.0020036069759856714,
    0.0016196007507822683,
    0.0016630479114622106,
    0.0015142869774138902,
    0.0016936042832353525,
    0.0014601142854107896,
    0.001501642279201606,
    0.002174926239179985,
    0.0014909038592235825,
    0.0014455296412474335,
    0.0014475678753622936,
    0.0013945599590554532,
    0.0015536162147344163,
    0.0015797434127189328
  ],
  "val_loss": [
    0.045665539590891424,
    0.0011482279489947748,
    0.0003540713592584957,
    0.00035303667991893874,
    0.00026417444436335747,
    0.0002013352233262847,
    0.0002103564322576135,
    0.00011364135047472095,
    0.00010043292874814719,
    8.606159050805259e-05,
    7.307778159052822e-05,
    0.0001168928798398247,
    7.12220090197729e-05,
    6.734488253848351e-05,
    0.00010552197715221495,
    6.243286891109058e-05,
    0.00011775081316485361,
    8.93151152830657e-05,
    8.074686523173012e-05,
    2.9089730233212266e-05,
    4.9120764379524544e-05,
    5.9752166624758634e-05,
    4.103842057317481e-05,
    7.019332877989929e-05,
    6.966788146826426e-05,
    7.965818178632768e-05,
    7.916774028984391e-05,
    5.611986978542482e-05,
    9.0106358807848e-05,
    5.083642961354747e-05,
    4.479573619574269e-05,
    5.5234935109083354e-05,
    6.904482413185062e-05,
    5.544707583546911e-05,
    5.682952038419356e-05,
    5.438423237765463e-05,
    5.920701670174297e-05,
    6.478903752550879e-05,
    7.157877550510548e-05,
    4.589449066820647e-05,
    7.084597986001161e-05,
    4.231385178983826e-05,
    5.4055558539629095e-05,
    6.272195638874306e-05,
    4.201654312181218e-05
  ],
  "lr": [
    0.0006,
    0.0005999342050424536,
    0.0005997368490296575,
    0.0005994080185284814,
    0.0005989478577748513,
    0.000598356568610482,
    0.0005976344103943434,
    0.0005967816998888965,
    0.0005957988111211515,
    0.0005946861752186066,
    0.0005934442802201417,
    0.0005920736708619481,
    0.0005905749483385894,
    0.0005889487700392975,
    0.0005871958492596201,
    0.0005853169548885461,
    0.0005833129110712444,
    0.0005811845968475675,
    0.0005789329457664754,
    0.0005765589454765502,
    0.0005740636372927803,
    0.0005714481157398059,
    0.0005687135280718239,
    0.0005658610737693644,
    0.000562892004013159,
    0.0005598076211353315,
    0.0005566092780481519,
    0.0005532983776506044,
    0.0005498763722130297,
    0.0005463447627401111,
    0.0005427050983124841,
    0.0005389589754072587,
    0.0005351080371977518,
    0.0005311539728327366,
    0.0005270985166955268,
    0.0005229434476432182,
    0.0005186905882264233,
    0.0005143418038898408,
    0.0005098990021540096,
    0.0005053641317786065,
    0.0005007391819076574,
    0.0004960261811970316,
    0.0004912271969246068,
    0.00048634433408349307,
    0.0004813797344587124
  ],
  "extra": {
    "val_rmse_pct": [
      21.369496372767856,
      3.3885513305664063,
      1.8816785539899554,
      1.8789271763392856,
      1.6253444126674108,
      1.4189264569963727,
      1.4503669738769531,
      1.0660269601004464,
      1.0021623883928572,
      0.927693830217634,
      0.8548554556710379,
      1.0811701093401227,
      0.8439313616071429,
      0.8206393105643136,
      1.027239009312221,
      0.7901447296142579,
      1.0851305280412946,
      0.9450668334960938,
      0.8985926491873605,
      0.5393489837646485,
      0.700862067086356,
      0.7729953220912389,
      0.6406124659946987,
      0.8378146035330636,
      0.8346728188650948,
      0.892514419555664,
      0.8897625514439175,
      0.7491319928850447,
      0.9492437090192523,
      0.7129967280796596,
      0.6692962101527622,
      0.7432021004813059,
      0.8309321812220983,
      0.7446279253278459,
      0.7538536071777344,
      0.7374566759381975,
      0.7694610050746372,
      0.8049163273402623,
      0.8460424150739397,
      0.6774547031947545,
      0.8417004721505302,
      0.6504910060337612,
      0.7352249145507812,
      0.791971915108817,
      0.6482016972133091
    ],
    "w_relax": [
      0.509252074993018,
      0.49422516244830506,
      0.490137466878602,
      0.4857206100767309,
      0.48187339757428027,
      0.478245631311879,
      0.47494108884623554,
      0.47230195050889795,
      0.47015387452009955,
      0.4676444042812694,
      0.4656750496589776,
      0.4644709048849164,
      0.46334436626145337,
      0.46151017284754553,
      0.4601584009148858,
      0.4583997238766063,
      0.45696606193528033,
      0.456595393744382,
      0.4549707178816651,
      0.45486705005168915,
      0.4548483192920685,
      0.4544957560120207,
      0.4543511528860439,
      0.4539121673865752,
      0.45322651303175726,
      0.45290469626585644,
      0.4531498704895829,
      0.45307133956388995,
      0.4534885011839144,
      0.45356517578616284,
      0.45324325471213367,
      0.45337027446790173,
      0.4538503885269165,
      0.4535948909593351,
      0.4535740478472276,
      0.45354010480822937,
      0.45338530206319055,
      0.4530377708601229,
      0.4525836633913445,
      0.4530517513101751,
      0.45367976571574353,
      0.4541973295536908,
      0.4543778941486821,
      0.45432628646041406,
      0.45444033498113806
    ],
    "w_cc": [
      0.4907470593849818,
      0.5057741511951793,
      0.5098618652784463,
      0.5142787360783779,
      0.5181259603211374,
      0.5217537202618339,
      0.5250582613728263,
      0.5276973997101639,
      0.52984547253811,
      0.5323549373583361,
      0.534324280240319,
      0.5355284295298837,
      0.5366549735719507,
      0.5384891638250062,
      0.5398409267266592,
      0.541599609635093,
      0.5430332720279694,
      0.543403940670418,
      0.5450286151784839,
      0.5451322748805537,
      0.5451510033824227,
      0.5455035729841753,
      0.5456481774648031,
      0.5460871602549697,
      0.546772809642734,
      0.5470946304725878,
      0.5468494630221165,
      0.546927992141608,
      0.5465108201359258,
      0.5464341550162344,
      0.5467560715747602,
      0.5466290549798445,
      0.5461489431785814,
      0.5464044366822098,
      0.5464252874706731,
      0.5464592205755638,
      0.5466140391248645,
      0.5469615640062274,
      0.5474156637986501,
      0.5469475803953229,
      0.5463195686990564,
      0.5458020026033575,
      0.5456214321382118,
      0.5456730551791914,
      0.5455589998852123
    ]
  }
}