{
  "name": "fusion_ds1_s45",
  "epochs": [
    1,
    2,
    3,
    4,
    5,
    6,
    7,
    8,
    9,
    10,
    11,
    12,
    13,
    14,
    15,
    16,
    17,
    18,
    19,
    20,
    21,
    22,
    23,
    24,
    25,
    26,
    27,
    28,
    29,
    30,
    31,
    32,
    33,
    34,
    35,
    36,
    37,
    38,
    39,
    40,
    41,
    42,
    43,
    44,
    45,
    46,
    47,
    48,
    49,
    50,
    51,
    52,
    53,
    54,
    55,
    56,
    57,
    58,
    59,
    60,
    61,
    62,
    63,
    64,
    65,
    66,
    67,
    68,
    69,
    70,
    71,
    72,
    73,
    74,
    75,
    76
  ],
  "train_loss": [
    0.47302925124941975,
    0.04707022596648122,
    0.03778386930530726,
    0.03351144593282558,
    0.03055128632494787,
    0.02800368450720696,
    0.026147509356646552,
    0.025098705214155314,
    0.02365533496483884,
    0.023599574802538666,
    0.023441348131806778,
    0.02262689577293367,
    0.02154670124446803,
    0.021725064303957146,
    0.021139744178448133,
    0.021600793702763594,
    0.02091571019298785,
    0.0206613709478749,
    0.020012919368908744,
    0.01966370243324555,
    0.019305274496950745,
    0.018742623649350757,
    0.018981091572043206,
    0.01863330119987715,
    0.01782176302910773,
    0.01770256442103362,
    0.016856687226138468,
    0.01720701884529117,
    0.016381025299315954,
    0.015986979265737764,
    0.015773613342391413,
    0.01551924563549531,
    0.015013859311559128,
    0.014640965463488607,
    0.014392597063972678,
    0.014185326488169794,
    0.013497811305861024,
    0.013635710396325695,
    0.013158115758214755,
    0.013101770906898976,
    0.0127055449175006,
    0.012657763586256431,
    0.012300730201156651,
    0.011855790235782714,
    0.011652661723892748,
    0.011349099776004033,
    0.011014282229872005,
    0.010796854102571266,
    0.010428263352096706,
    0.01010444666003458,
    0.009765263194345576,
    0.009568668805039806,
    0.009299301507288077,
    0.009335403184226885,
    0.008989986285903357,
    0.008639920130670142,
    0.008464577801847534,
    0.00823788238964985,
    0.007985244788545003,
    0.007856232103813338,
    0.007699601381444574,
    0.007385009777185743,
    0.007250168758393867,
    0.006987073827291139,
    0.006935260409511245,
    0.006602833224737047,
    0.0064263401877515496,
    0.0062231073024837874,
    0.006116940832542454,
    0.005948034022450553,
    0.00577987141251519,
    0.005697450553449086,
    0.005510272671664028,
    0.005252759080792233,
    0.005270077263066739,
    0.0051010278311708936
  ],
  "val_loss": [
    0.008473755779057186,
    0.0007333266349243266,
    0.00045717740185581936,
    0.00026515556442342243,
    0.00011287048649015575,
    0.00036388446888642613,
    0.00014812087426548814,
    0.00020291331990243092,
    0.0001316549593242697,
    0.00016772629860077902,
    0.00019375964571137605,
    0.00016108093605175973,
    0.00016653413069641056,
    7.552355371722329e-05,
    3.966961506677307e-05,
    0.000153179698150205,
    0.00016988998822780688,
    9.807350323990008e-05,
    9.066189277008963e-05,
    5.7653288831917807e-05,
    9.827045314741166e-05,
    0.00011260199040123249,
    0.0001340095063537778,
    6.085610202701222e-05,
    3.984134768350199e-05,
    8.587418322151025e-05,
    0.0001631131344727154,
    5.7369592661961925e-05,
    8.454225257326442e-05,
    0.00010248787443972909,
    6.392878166905223e-05,
    0.00010080504943585441,
    6.980122139961677e-05,
    3.74328850155131e-05,
    7.028433582470255e-05,
    2.8619114537834924e-05,
    4.0466021112672085e-05,
    7.531215937448374e-05,
    7.08133553084215e-05,
    6.023514653269297e-05,
    0.00020079376383264365,
    9.110191748608706e-05,
    3.602586564475802e-05,
    3.9705884014958715e-05,
    5.8649927796826956e-05,
    0.00010243669949606649,
    0.00011084109587932028,
    4.394791777367177e-05,
    5.925771911004917e-05,
    2.9632349509493586e-05,
    2.4134023141444076e-05,
    3.9803756691800336e-05,
    6.922206276066655e-05,
    2.676490608471556e-05,
    6.112289423385995e-05,
    5.424818898936049e-05,
    2.6356509759678804e-05,
    4.006835842129156e-05,
    4.3564548521748135e-05,
    5.752133671426732e-05,
    5.140519910751213e-05,
    6.799989612114545e-05,
    3.441007560486033e-05,
    5.825801564188214e-05,
    7.514692349331502e-05,
    6.0126468930480485e-05,
    3.864445216474484e-05,
    4.8831631277195435e-05,
    3.7279240502447005e-05,
    5.6378561619836874e-05,
    4.34798963735985e-05,
    5.607562572413412e-05,
    3.335515148791021e-05,
    4.9949009218945024e-05,
    4.7477977317170144e-05,
    6.021935819613628e-05
  ],
  "lr": [
    0.0008,
    0.0007999122733899382,
    0.0007996491320395434,
    0.0007992106913713087,
    0.0007985971436998018,
    0.0007978087581473094,
    0.0007968458805257912,
    0.0007957089331851954,
    0.0007943984148282019,
    0.0007929149002914754,
    0.0007912590402935221,
    0.0007894315611492639,
    0.0007874332644514523,
    0.0007852650267190632,
    0.0007829277990128267,
    0.0007804226065180614,
    0.0007777505480949924,
    0.0007749127957967565,
    0.0007719105943553004,
    0.0007687452606354001,
    0.0007654181830570403,
    0.0007619308209864077,
    0.000758284704095765,
    0.0007544814316924857,
    0.0007505226720175452,
    0.0007464101615137752,
    0.0007421457040642025,
    0.0007377311702008059,
    0.0007331684962840396,
    0.0007284596836534814,
    0.0007236067977499787,
    0.0007186119672096782,
    0.0007134773829303357,
    0.0007082052971103155,
    0.0007027980222607023,
    0.0006972579301909575,
    0.0006915874509685644,
    0.0006857890718531211,
    0.0006798653362053461,
    0.0006738188423714754,
    0.0006676522425435432,
    0.0006613682415960422,
    0.0006549695958994759,
    0.0006484591121113241,
    0.0006418396459449499,
    0.0006351141009169892,
    0.0006282854270737727,
    0.0006213566196973376,
    0.0006143307179915985,
    0.000607210803749252,
    0.0005999999999999998,
    0.0005927014696406859,
    0.0005853184140479445,
    0.0005778540716739707,
    0.0005703117166260288,
    0.0005626946572303198,
    0.0005550062345808409,
    0.000547249821073871,
    0.0005394288189287258,
    0.000531546658695433,
    0.0005236067977499787,
    0.0005156127187777884,
    0.0005075679282461061,
    0.0004994759548659416,
    0.0004913403480442621,
    0.00048316467632710354,
    0.0004749525258342897,
    0.0004667074986864407,
    0.00045843321142496446,
    0.00045013329342572146,
    0.0004418113853070613,
    0.000433471137332926,
    0.0004251162078117252,
    0.00041675026149167973,
    0.0004083769679533426,
    0.0003999999999999998
  ],