{
  "name": "fusion_ds1_s44",
  "epochs": [
    1,
    2,
    3,
    4,
    5,
    6,
    7,
    8,
    9,
    10,
    11,
    12,
    13,
    14,
    15,
    16,
    17,
    18,
    19,
    20,
    21,
    22,
    23,
    24,
    25,
    26,
    27,
    28,
    29,
    30,
    31,
    32,
    33,
    34,
    35,
    36,
    37,
    38,
    39,
    40,
    41,
    42,
    43,
    44,
    45,
    46,
    47,
    48,
    49,
    50,
    51,
    52,
    53,
    54,
    55,
    56,
    57,
    58,
    59,
    60,
    61,
    62,
    63,
    64,
    65,
    66,
    67,
    68
  ],
  "train_loss": [
    0.27707656717137547,
    0.014165586187906051,
    0.007393573508766002,
    0.005291512882697226,
    0.004575469494712775,
    0.003359259288580508,
    0.0029769781891236255,
    0.002540310768130245,
    0.0023507414400084255,
    0.0020379656614730973,
    0.001820066478372512,
    0.0016712614734689733,
    0.0018011171282876013,
    0.0016947714085048396,
    0.0017071621586059631,
    0.0014814060948639852,
    0.0015062496082819824,
    0.0014835649598036015,
    0.001445790671662139,
    0.0014719209965686863,
    0.0015882608196265064,
    0.0013607451258193335,
    0.001461188523929349,
    0.00144503103101529,
    0.001325951270985105,
    0.001301088586176536,
    0.0013470911519984164,
    0.0013695841685813983,
    0.0013182006602472358,
    0.0012823421260476475,
    0.001344193606289918,
    0.00122178973804428,
    0.0012189973127768707,
    0.0013537315179268001,
    0.00128409416240578,
    0.001224674966879243,
    0.0012311777906407562,
    0.001258092493853163,
    0.0011405225270091856,
    0.0011477712023190464,
    0.0011929840335296073,
    0.001312413190559507,
    0.0013403709268222368,
    0.0010746168629801511,
    0.0012095381445471664,
    0.0011421379821323012,
    0.001078325323815712,
    0.0011251295432154157,
    0.001285155527098265,
    0.0011160075783895823,
    0.0011153715748788025,
    0.001073292426154121,
    0.0011767332735396075,
    0.0011692846754050132,
    0.0011014780857279047,
    0.0011482147455025447,
    0.0010607929050555408,
    0.0010622478607805956,
    0.0011420259092172137,
    0.001094245814510634,
    0.0010416682493356465,
    0.0010438420664539828,
    0.0010729942450819427,
    0.00103809872297585,
    0.0010277581690623981,
    0.0010079370334382988,
    0.00106057721504478,
    0.0009958701586806164
  ],
  "val_loss": [
    0.0018917871733339043,
    0.00015217475454252908,
    9.589927136651834e-05,
    7.731339863194491e-05,
    5.5910193795007106e-05,
    5.962471314559356e-05,
    8.047261164526656e-05,
    9.394015900980447e-05,
    9.377350388951112e-05,
    9.360688115126417e-05,
    9.246002750830203e-05,
    9.347614603686699e-05,
    9.43142770606961e-05,
    9.101372635387604e-05,
    6.796226998380855e-05,
    5.366298544108472e-05,
    9.1500633533935e-05,
    8.130731102025801e-05,
    5.90641121239935e-05,
    5.667295326518316e-05,
    5.591347613055821e-05,
    4.9597365749087666e-05,
    5.8646174529438496e-05,
    3.683586651402523e-05,
    4.523884813985696e-05,
    4.831263384188765e-05,
    4.651821483580578e-05,
    3.512038490157566e-05,
    3.916020548159801e-05,
    4.21119944716493e-05,
    4.8185879680542514e-05,
    3.410615875710337e-05,
    3.975549851653024e-05,
    3.785990223092995e-05,
    2.9839894362726246e-05,
    5.363968532292702e-05,
    2.890370757964224e-05,
    4.3323112176360396e-05,
    3.3536689426172413e-05,
    4.9922504767440025e-05,
    3.319071338789432e-05,
    4.4007154042507456e-05,
    2.8696305604718507e-05,
    4.189725097479235e-05,
    4.034881421184901e-05,
    2.8791897564534737e-05,
    4.885160254290061e-05,
    3.9318990712118116e-05,
    5.0032715236945616e-05,
    3.911309329805873e-05,
    4.9731223774863706e-05,
    3.65232116809107e-05,
    3.772668359082384e-05,
    3.46918009211831e-05,
    4.1036844172114845e-05,
    3.73713946149004e-05,
    3.083361097315387e-05,
    3.723676643474064e-05,
    4.534784128177392e-05,
    4.230328372642412e-05,
    3.904415601043055e-05,
    4.047811521619722e-05,
    3.5395638790339685e-05,
    6.099398728645065e-05,
    4.0114930150758495e-05,
    4.0068904528515047e-05,
    3.449773919907462e-05,
    4.6302063936167394e-05
  ],
  "lr": [
    0.0006,
    0.0005999342050424536,
    0.0005997368490296575,
    0.0005994080185284814,
    0.0005989478577748513,
    0.000598356568610482,
    0.0005976344103943434,
    0.0005967816998888965,
    0.0005957988111211515,
    0.0005946861752186066,
    0.0005934442802201417,
    0.0005920736708619481,
    0.0005905749483385894,
    0.0005889487700392975,
    0.0005871958492596201,
    0.0005853169548885461,
    0.0005833129110712444,
    0.0005811845968475675,
    0.0005789329457664754,
    0.0005765589454765502,
    0.0005740636372927803,
    0.0005714481157398059,
    0.0005687135280718239,
    0.0005658610737693644,
    0.000562892004013159,
    0.0005598076211353315,
    0.0005566092780481519,
    0.0005532983776506044,
    0.0005498763722130297,
    0.0005463447627401111,
    0.0005427050983124841,
    0.0005389589754072587,
    0.0005351080371977518,
    0.0005311539728327366,
    0.0005270985166955268,
    0.0005229434476432182,
    0.0005186905882264233,
    0.0005143418038898408,
    0.0005098990021540096,
    0.0005053641317786065,
    0.0005007391819076574,
    0.0004960261811970316,
    0.0004912271969246068,
    0.00048634433408349307,
    0.0004813797344587124,
    0.0004763355756877419,
    0.00047121407030532956,
    0.0004660174647730032,
    0.000460748038493699,
    0.00045540810281193906,
    0.00044999999999999993,
    0.0004445261022305145,
    0.0004389888105359585,
    0.0004333905537554782,
    0.00042773378746952174,
    0.00042202099292273996,
    0.0004162546759356308,
    0.00041043736580540337,
    0.0004045716141965445,
    0.0003986599940215749,
    0.00039270509831248416,
    0.0003867095390833414,
    0.0003806759461845796,
    0.00037460696614945627,
    0.0003685052610331966,
    0.0003623735072453277,
    0.0003562143943757173,
    0.0003500306240148305
  ],
  "extra": {
    "val_rmse_pct": [
      4.349468122209822,
      1.2335913521902901,
      0.9792817252022878,
      0.8792803628104074,
      0.7477311815534319,
      0.7721704755510603,
      0.8970652988978793,
      0.9692271641322544,
      0.968367222377232,
      0.9675065176827566,
      0.9615613664899554,
      0.966830771309989,
      0.9711553301130021,
      0.9540110996791294,
      0.8243923187255858,
      0.7325502668108259,
      0.9565597534179687,
      0.9017057146344866,
      0.7685317993164062,
      0.7528144836425782,
      0.7477531433105469,
      0.7042540413992745,
      0.7658078874860491,
      0.606925528390067,
      0.672598375592913,
      0.6950729370117188,
      0.6820426940917969,
      0.5926245553152902,
      0.6257811955043248,
      0.6489375523158483,
      0.6941605159214566,
      0.5840047563825335,
      0.6305195944649833,
      0.6153040749686105,
      0.5462590353829521,
      0.7323911939348493,
      0.5376216888427735,
      0.6582030160086495,
      0.5791087559291295,
      0.7065586635044643,
      0.5761138371058873,
      0.6633789062500001,
      0.5356893266950334,
      0.6472808837890625,
      0.6352072034563336,
      0.53658082144601,
      0.6989392961774554,
      0.6270486014229911,
      0.7073381151471819,
      0.6254046303885323,
      0.7052036830357142,
      0.6043443952287947,
      0.614220482962472,
      0.5889974866594587,
      0.6406000409807477,
      0.6113214765276227,
      0.5552801949637276,
      0.6102194104875838,
      0.6734080723353795,
      0.6504098074776785,
      0.6248532431466238,
      0.6362241472516741,
      0.5949423108782087,
      0.7809865134102958,
      0.6333635602678572,
      0.6330000741141183,
      0.5873477390834264,
      0.6804561614990234
    ],