{
  "name": "mae_long",
  "epochs": [
    1,
    2,
    3,
    4,
    5,
    6,
    7,
    8,
    9,
    10,
    11,
    12,
    13,
    14,
    15,
    16,
    17,
    18,
    19,
    20,
    21,
    22,
    23,
    24,
    25
  ],
  "train_loss": [
    0.04865555517672131,
    0.0038033051903824037,
    0.0032873245898400755,
    0.0029381059527192896,
    0.0033310796780993204,
    0.0036864341078593587,
    0.0027474009960174912,
    0.003319436280839826,
    0.0025473138736317774,
    0.0027163631697343393,
    0.0028037230074454303,
    0.0023243799143016107,
    0.002395312864377161,
    0.0022102123730653026,
    0.0018034515031868732,
    0.0022560970156207953,
    0.0022251639076248395,
    0.002659550871500653,
    0.002122406471720058,
    0.00219019991552394,
    0.0025182850089887103,
    0.0022833779646939654,
    0.001708293640280906,
    0.0018489085008358637,
    0.001575366712075612
  ],
  "val_loss": [
    0.0010329108663032604,
    0.0026103899179838615,
    0.0014226736373080188,
    0.000827928878510383,
    0.0006475758487803138,
    0.004304467369105319,
    0.0004823882894897571,
    0.000724232557114545,
    0.001699623194727198,
    0.0009862266775370128,
    0.00048683024740852655,
    0.0004147282641718402,
    0.0003043088670936161,
    0.000982178205173713,
    0.0017606338512338295,
    0.0008073789605450637,
    0.002510910672933639,
    0.000557415337612905,
    0.0010739073082562253,
    0.0007552770191173265,
    0.00043974446795412103,
    0.0007929168164289664,
    0.00035557113813868685,
    0.0006879265538826909,
    0.00045064264209435974
  ],
  "lr": [
    0.0009993147673772868,
    0.0009972609476841365,
    0.0009938441702975688,
    0.0009890738003669028,
    0.0009829629131445341,
    0.0009755282581475769,
    0.0009667902132486009,
    0.0009567727288213005,
    0.0009455032620941839,
    0.0009330127018922195,
    0.0009193352839727121,
    0.0009045084971874737,
    0.0008885729807284855,
    0.0008715724127386972,
    0.0008535533905932738,
    0.0008345653031794292,
    0.0008146601955249188,
    0.0007938926261462366,
    0.0007723195175075136,
    0.00075,
    0.0007269952498697733,
    0.0007033683215379002,
    0.0006791839747726503,
    0.0006545084971874737,
    0.0006294095225512603
  ],
  "extra": {
    "smooth": [
      0.012439094810180035,
      0.0049702676764492425,
      0.0049172804985127315,
      0.00493531838550619,
      0.004855213615090122,
      0.004881051029796,
      0.004833464383806635,
      0.004880063449258749,
      0.004821581379376721,
      0.004863027768943935,
      0.0048235961454908315,
      0.004838345062921393,
      0.004820279090108432,
      0.004842073984405235,
      0.004829323794400956,
      0.004827101544936627,
      0.0048928822074620435,
      0.004830819860528717,
      0.0048514703563450985,
      0.004833598976697062,
      0.004955898051687538,
      0.004847951782210766,
      0.004802125758751643,
      0.004833116457741659,
      0.004825873660074435
    ],
    "total_loss": [
      0.04965068268195748,
      0.00420092661079632,
      0.003680706995493166,
      0.0033329314243427765,
      0.0037194967680846585,
      0.004076918193768934,
      0.0031340781156722623,
      0.0037098413481627527,
      0.002933040381756954,
      0.0031054053907878403,
      0.003189610714802893,
      0.0027114475100342545,
      0.0027809351914885694,
      0.002597578287619475,
      0.0021897973964482,
      0.002642265130223478,
      0.0026165944777001133,
      0.003046016450412085,
      0.002510524094809946,
      0.0025768878244777885,
      0.002914756863054579,
      0.0026712140875112256,
      0.002092463709414005,
      0.0022355578032470557,
      0.001961436600232249
    ]
  }
}