{
  "name": "fusion_ds1",
  "epochs": [
    1,
    2,
    3,
    4,
    5,
    6,
    7,
    8,
    9,
    10,
    11,
    12,
    13,
    14,
    15,
    16,
    17,
    18,
    19,
    20,
    21,
    22,
    23,
    24,
    25,
    26,
    27,
    28,
    29,
    30,
    31,
    32,
    33,
    34,
    35,
    36,
    37,
    38,
    39,
    40,
    41,
    42,
    43,
    44,
    45,
    46,
    47,
    48,
    49,
    50,
    51,
    52,
    53,
    54,
    55,
    56,
    57,
    58,
    59,
    60,
    61,
    62,
    63,
    64,
    65,
    66,
    67,
    68,
    69,
    70,
    71,
    72,
    73,
    74,
    75,
    76,
    77,
    78,
    79,
    80,
    81,
    82,
    83,
    84,
    85,
    86
  ],
  "train_loss": [
    0.3689460241529526,
    0.04277763079301386,
    0.03260593196746684,
    0.027976466340819524,
    0.02575202640809552,
    0.02505437342339507,
    0.023688999043027823,
    0.022673266201705282,
    0.02217155472859524,
    0.02180496275987582,
    0.021372144214999278,
    0.021225685876093144,
    0.0203364395172863,
    0.020141748742380228,
    0.02016567957954803,
    0.01965728055598097,
    0.01912114342173263,
    0.018719921046974508,
    0.018379633148361395,
    0.018242469538696772,
    0.018165773172051848,
    0.017631982404644378,
    0.01716204275270057,
    0.01669945447085154,
    0.016833540364622073,
    0.016152073269555707,
    0.01590915240431735,
    0.015594189671103877,
    0.01490764914638157,
    0.015038081945818434,
    0.0143618946114991,
    0.014094166508770626,
    0.013901446386100816,
    0.013639253804917355,
    0.013020115267251543,
    0.013071771195795069,
    0.012469616832031544,
    0.01220981873572756,
    0.011872617407280107,
    0.011913466222573648,
    0.011399888643451404,
    0.011181121427199488,
    0.010574203287854382,
    0.01040413596628542,
    0.010128001543901855,
    0.009719149810218139,
    0.009597211903292682,
    0.009371716725983303,
    0.008994182953052918,
    0.00876911978096178,
    0.00847323380930017,
    0.008167444428509713,
    0.00794099356157607,
    0.007888435948221452,
    0.007365510368824693,
    0.00740466347869231,
    0.007214828948780411,
    0.006810709273295898,
    0.006589615991003787,
    0.006380982520002997,
    0.0061148746981304885,
    0.005963179420629684,
    0.0058088311880264325,
    0.0056347373004272516,
    0.005478476449802176,
    0.005398155390849954,
    0.005128142587962224,
    0.0049728425729450776,
    0.0047735369114920555,
    0.004751192726215615,
    0.004562503427212314,
    0.004429057467189303,
    0.004214518376389862,
    0.004175969756368834,
    0.004011994189014786,
    0.003931799683364148,
    0.003862154876958917,
    0.003736899507966039,
    0.003633594786073494,
    0.003495137040912319,
    0.0034266030928862493,
    0.0033713421331763057,
    0.00331510649936053,
    0.003250120977950225,
    0.0031212156530278433,
    0.003021149494486559
  ],
  "val_loss": [
    0.0049952772945209434,
    0.0012924055060473606,
    0.0008983974005543968,
    0.00039215937121287847,
    0.0004964225289443142,
    0.0001686799178290831,
    0.0001530201211864701,
    0.00010929370071554728,
    0.00020686352884040745,
    5.780461728436494e-05,
    0.0001960296891406575,
    7.462614916158409e-05,
    0.00013056707957068652,
    4.718476852601247e-05,
    4.243055507624889e-05,
    0.00015006287496714202,
    9.538842705675994e-05,
    0.00014624641584435943,
    0.0001351814164520599,
    6.70235648672734e-05,
    0.00011433639266286339,
    6.0138674891201476e-05,
    4.7190533781050306e-05,
    8.764695099871509e-05,
    5.6816398974364674e-05,
    0.000164534561135645,
    0.00011533666123200568,
    5.156525057888346e-05,
    6.0908435177072804e-05,
    4.492388899946619e-05,
    4.781616568189782e-05,
    6.823080490420125e-05,
    4.885215382823171e-05,
    4.38040965743571e-05,
    0.0001111935814029508,
    5.593071612121176e-05,
    3.715625398181533e-05,
    5.3665959596171894e-05,
    9.164336550169514e-05,
    8.376593093356587e-05,
    3.859845707005017e-05,
    4.705698032309936e-05,
    0.00011345203248765353,
    5.906547964204285e-05,
    8.262823778200746e-05,
    0.000100507486902275,
    8.099877428445105e-05,
    6.687913372816837e-05,
    7.351184703455948e-05,
    0.0001326870186102123,
    3.1023475563147636e-05,
    6.767704343076325e-05,
    4.076505113812527e-05,
    7.066135597305838e-05,
    3.5679340400316667e-05,
    4.4338530192697574e-05,
    4.5438013853506905e-05,
    5.0761371955729574e-05,
    3.772077887974342e-05,
    7.286516810096854e-05,
    2.6997665431207507e-05,
    3.609351042444835e-05,
    4.474528691990642e-05,
    3.799619550587932e-05,
    7.016362116827095e-05,
    3.7990733905338595e-05,
    6.479948800507794e-05,
    4.483451905894608e-05,
    5.0467816107849746e-05,
    5.648834279936967e-05,
    4.010436623389775e-05,
    3.498817428955224e-05,
    4.007671551418201e-05,
    3.68020215107685e-05,
    4.946656143505576e-05,
    5.4506844941987304e-05,
    3.319279030014983e-05,
    3.985037529651929e-05,
    4.5386945538938584e-05,
    4.543844776277665e-05,
    4.0883245549593186e-05,
    3.106107683246222e-05,
    4.24724569526739e-05,
    4.390230235064733e-05,
    4.594429818214642e-05,
    4.1593785497957816e-05
  ],
  "lr": [
    0.0008,
    0.0007999122733899382,
    0.0007996491320395434,
    0.0007992106913713087,
    0.0007985971436998018,
    0.0007978087581473094,
    0.0007968458805257912,
    0.0007957089331851954,
    0.0007943984148282019,
    0.0007929149002914754,
    0.0007912590402935221,
    0.0007894315611492639,
    0.0007874332644514523,
    0.0007852650267190632,
    0.0007829277990128267,
    0.0007804226065180614,
    0.0007777505480949924,
    0.0007749127957967565,
    0.0007719105943553004,
    0.0007687452606354001,
    0.0007654181830570403,
    0.0007619308209864077,
    0.000758284704095765,
    0.0007544814316924857,
    0.0007505226720175452,
    0.0007464101615137752,
    0.0007421457040642025,
    0.0007377311702008059,
    0.0007331684962840396,
    0.0007284596836534814,
    0.0007236067977499787,
    0.0007186119672096782,
    0.0007134773829303357,
    0.0007082052971103155,
    0.0007027980222607023,
    0.0006972579301909575,
    0.0006915874509685644,
    0.0006857890718531211,
    0.0006798653362053461,
    0.0006738188423714754,
    0.0006676522425435432,
    0.0006613682415960422,
    0.0006549695958994759,
    0.0006484591121113241,
    0.0006418396459449499,
    0.0006351141009169892,
    0.0006282854270737727,
    0.0006213566196973376,
    0.0006143307179915985,
    0.000607210803749252,
    0.0005999999999999998,
    0.0005927014696406859,
    0.0005853184140479445,
    0.0005778540716739707,
    0.0005703117166260288,
    0.0005626946572303198,
    0.0005550062345808409,
    0.000547249821073871,
    0.0005394288189287258,
    0.000531546658695433,
    0.0005236067977499787,
    0.0005156127187777884,
    0.0005075679282461061,
    0.0004994759548659416,
    0.0004913403480442621,
    0.00048316467632710354,
    0.0004749525258342897,
    0.0004667074986864407,
    0.00045843321142496446,
    0.00045013329342572146,
    0.0004418113853070613,
    0.000433471137332926,
    0.0004251162078117252,
    0.00041675026149167973,
    0.0004083769679533426,
    0.0003999999999999998,
    0.0003916230320466571,
    0.00038324973850831993,
    0.0003748837921882745,
    0.00036652886266707354,
    0.00035818861469293843,
    0.0003498667065742781,
    0.00034156678857503526,
    0.0003332925013135588,
    0.0003250474741657099,
    0.000316835323672896
  ],