{
  "name": "fusion_ds2",
  "epochs": [
    1,
    2,
    3,
    4,
    5,
    6,
    7,
    8,
    9,
    10,
    11,
    12,
    13,
    14,
    15,
    16,
    17,
    18,
    19,
    20,
    21,
    22,
    23,
    24,
    25,
    26,
    27,
    28,
    29,
    30,
    31,
    32,
    33,
    34,
    35,
    36,
    37,
    38,
    39,
    40,
    41,
    42,
    43,
    44,
    45,
    46,
    47,
    48,
    49,
    50,
    51,
    52,
    53,
    54,
    55,
    56,
    57,
    58,
    59,
    60,
    61,
    62,
    63,
    64,
    65,
    66,
    67,
    68,
    69,
    70,
    71,
    72,
    73,
    74,
    75,
    76,
    77,
    78,
    79,
    80,
    81,
    82,
    83,
    84,
    85,
    86,
    87
  ],
  "train_loss": [
    0.25848834598101855,
    0.03575484258017059,
    0.027978174384522367,
    0.024895476697622296,
    0.023372236731739177,
    0.02221422363203499,
    0.021311247691096512,
    0.020462367526293816,
    0.02009476150302956,
    0.019418742039516705,
    0.018897405470514616,
    0.01850850466374694,
    0.01776964795879412,
    0.01734063477831012,
    0.01725489401518474,
    0.01637575113842506,
    0.01589276048336761,
    0.01546601896535717,
    0.014799405744091892,
    0.014370022277643776,
    0.013782920575529585,
    0.013468419903346407,
    0.01280229770821734,
    0.012495999587138637,
    0.011708207094947886,
    0.011276903482221823,
    0.010816716371401145,
    0.010401328311063633,
    0.009993439668554345,
    0.009394624716312182,
    0.008904163007542558,
    0.008491035571533212,
    0.008016748777603581,
    0.007767619844010524,
    0.00723238146955285,
    0.0067216140735788955,
    0.006349827881865972,
    0.0059451908924832405,
    0.0056136867235088905,
    0.005287015472322842,
    0.004912864971943223,
    0.004561731464881668,
    0.004241151566846601,
    0.003927226471664114,
    0.0036392121275278964,
    0.0033704927697347877,
    0.0031517621972442485,
    0.002957199347862363,
    0.0026945945705182666,
    0.002499522343543627,
    0.002350675029661693,
    0.0021636996053848064,
    0.0020066865403696892,
    0.0018785137044343592,
    0.0017183529499784184,
    0.001604905607683827,
    0.0015037621606063206,
    0.0013848556033523001,
    0.001334795040521221,
    0.001234391029131628,
    0.0011603305364840171,
    0.00107917804967938,
    0.0010182771108622612,
    0.0009858578404515572,
    0.0009538104866299408,
    0.0008766474075004108,
    0.0008670673992697761,
    0.0008213064094111347,
    0.0007796982628218385,
    0.0007659472077700282,
    0.0007224189660318389,
    0.0007081568025762193,
    0.0006957096386114355,
    0.0006643710776030135,
    0.0006543716186501303,
    0.0006535375234879131,
    0.0006399308080411813,
    0.0006281437524307852,
    0.0006099559409952925,
    0.0006013557933036366,
    0.0006107932755768011,
    0.0006040734254041469,
    0.0005894500465770362,
    0.0005822198780013413,
    0.0005989249930877658,
    0.0005744484325116712,
    0.0005753645022737395
  ],
  "val_loss": [
    0.0011408508527935958,
    0.00031594330666654915,
    0.00014528412425363435,
    0.00017937581948228543,
    7.436272339665018e-05,
    6.266807536186927e-05,
    5.8115418675136046e-05,
    0.00026556850687504475,
    8.712878218675555e-05,
    8.64043141637151e-05,
    3.0756636961411135e-05,
    3.7351380317588825e-05,
    2.4618338023525054e-05,
    3.2807124244595304e-05,
    4.805261273525445e-05,
    5.228192432886641e-05,
    2.245584253917115e-05,
    1.9178029012595852e-05,
    1.92008815182096e-05,
    2.7229265705002935e-05,
    4.6755394485536246e-05,
    1.8678986022681093e-05,
    1.4668718996686811e-05,
    3.562213903902967e-05,
    2.9176841034877903e-05,
    1.2897531536026872e-05,
    3.743181138844223e-05,
    3.153555737502076e-05,
    1.3157323730963697e-05,
    1.1082703912835145e-05,
    8.49629403145888e-06,
    7.495163594152142e-06,
    1.0937329538290756e-05,
    1.1909473369276774e-05,
    2.057665487515838e-05,
    1.5930602365380887e-05,
    9.143433217416488e-06,
    9.475789026298137e-06,
    3.1983822902501486e-05,
    1.7623389633687325e-05,
    7.91379460122828e-06,
    7.923323699480657e-06,
    6.992804627837945e-06,
    6.86106686046819e-06,
    1.1307350327504514e-05,
    7.625517399568368e-06,
    1.0688175325855205e-05,
    7.881469263869021e-06,
    9.363163389859099e-06,
    7.674750188670124e-06,
    6.439522801259565e-06,
    6.690796780874051e-06,
    8.466326441372528e-06,
    6.994276103486392e-06,
    5.5665559544745226e-06,
    8.305461576657957e-06,
    7.279252022204574e-06,
    8.848967697538673e-06,
    5.860062382490671e-06,
    6.709374595673314e-06,
    5.579741620780032e-06,
    5.38902967929281e-06,
    7.252728470763767e-06,
    6.263543625852682e-06,
    8.47250667144857e-06,
    6.688273199732558e-06,
    6.095981456153008e-06,
    1.0393460583366236e-05,
    6.177389385819698e-06,
    6.462741430094806e-06,
    5.896872324906134e-06,
    6.257125631366451e-06,
    6.962109131944737e-06,
    6.316898320769204e-06,
    7.343047483763371e-06,
    6.907805563185766e-06,
    6.1836788327713125e-06,
    6.29297319274256e-06,
    5.71315829767645e-06,
    5.406577388344884e-06,
    7.81176258383242e-06,
    6.816145805870634e-06,
    5.8804622669275044e-06,
    8.449352693827258e-06,
    5.674481126831369e-06,
    6.3868335986552195e-06,
    7.126121712747604e-06
  ],
  "lr": [
    0.0008,
    0.0007999122733899382,
    0.0007996491320395434,
    0.0007992106913713087,
    0.0007985971436998018,
    0.0007978087581473094,
    0.0007968458805257912,
    0.0007957089331851954,
    0.0007943984148282019,
    0.0007929149002914754,
    0.0007912590402935221,
    0.0007894315611492639,
    0.0007874332644514523,
    0.0007852650267190632,
    0.0007829277990128267,
    0.0007804226065180614,
    0.0007777505480949924,
    0.0007749127957967565,
    0.0007719105943553004,
    0.0007687452606354001,
    0.0007654181830570403,
    0.0007619308209864077,
    0.000758284704095765,
    0.0007544814316924857,
    0.0007505226720175452,
    0.0007464101615137752,
    0.0007421457040642025,
    0.0007377311702008059,
    0.0007331684962840396,
    0.0007284596836534814,
    0.0007236067977499787,
    0.0007186119672096782,
    0.0007134773829303357,
    0.0007082052971103155,
    0.0007027980222607023,
    0.0006972579301909575,
    0.0006915874509685644,
    0.0006857890718531211,
    0.0006798653362053461,
    0.0006738188423714754,
    0.0006676522425435432,
    0.0006613682415960422,
    0.0006549695958994759,
    0.0006484591121113241,
    0.0006418396459449499,
    0.0006351141009169892,
    0.0006282854270737727,
    0.0006213566196973376,
    0.0006143307179915985,
    0.000607210803749252,
    0.0005999999999999998,
    0.0005927014696406859,
    0.0005853184140479445,
    0.0005778540716739707,
    0.0005703117166260288,
    0.0005626946572303198,
    0.0005550062345808409,
    0.000547249821073871,
    0.0005394288189287258,
    0.000531546658695433,
    0.0005236067977499787,
    0.0005156127187777884,
    0.0005075679282461061,
    0.0004994759548659416,
    0.0004913403480442621,
    0.00048316467632710354,
    0.0004749525258342897,
    0.0004667074986864407,
    0.00045843321142496446,
    0.00045013329342572146,
    0.0004418113853070613,
    0.000433471137332926,
    0.0004251162078117252,
    0.00041675026149167973,
    0.0004083769679533426,
    0.0003999999999999998,
    0.0003916230320466571,
    0.00038324973850831993,
    0.0003748837921882745,
    0.00036652886266707354,
    0.00035818861469293843,
    0.0003498667065742781,
    0.00034156678857503526,
    0.0003332925013135588,
    0.0003250474741657099,
    0.000316835323672896,
    0.0003086596519557375
  ],