{
  "name": "mae_long",
  "epochs": [
    1,
    2,
    3,
    4,
    5,
    6,
    7,
    8,
    9,
    10,
    11,
    12,
    13,
    14,
    15,
    16,
    17,
    18,
    19,
    20,
    21,
    22,
    23,
    24,
    25,
    26,
    27,
    28,
    29,
    30,
    31,
    32,
    33,
    34,
    35,
    36,
    37,
    38,
    39,
    40,
    41,
    42,
    43,
    44,
    45,
    46,
    47,
    48,
    49,
    50,
    51,
    52,
    53,
    54,
    55,
    56,
    57,
    58,
    59,
    60,
    61,
    62,
    63,
    64,
    65,
    66,
    67,
    68,
    69,
    70,
    71,
    72,
    73,
    74,
    75,
    76,
    77,
    78,
    79,
    80
  ],
  "train_loss": [
    0.056465927666593,
    0.0031908861094266275,
    0.003370177603324306,
    0.003175379078854702,
    0.002966765490513752,
    0.0028961106458819876,
    0.003431550593494727,
    0.0032984673689963303,
    0.0028748516853857424,
    0.0021912987160377265,
    0.002710884993053321,
    0.0023959195784806196,
    0.0031892565047421904,
    0.0023637476968080507,
    0.002831774667895085,
    0.0035651380878292003,
    0.0025149517183194504,
    0.0029509006391520132,
    0.0028806449853944014,
    0.003123717653800979,
    0.002354769423535925,
    0.0016673449774615603,
    0.002119316112045831,
    0.0022716675259479304,
    0.0017603033979717575,
    0.0028609920964532535,
    0.0021477716235691977,
    0.002072726172521496,
    0.0018138874443758561,
    0.0016237159438343724,
    0.001736911624492518,
    0.001855760736527121,
    0.001358683707311691,
    0.0011583121911702828,
    0.0009911830592037277,
    0.001275847474655365,
    0.0009977223095362494,
    0.0007865441874321307,
    0.0011537743981577476,
    0.0012897648441291586,
    0.0012471601640557575,
    0.0010244383486097206,
    0.0012896116143311363,
    0.000656537198177089,
    0.0005408366341459961,
    0.000629201939524949,
    0.0004905898458939581,
    0.0004077678934765819,
    0.0005302679659944641,
    0.0006282207694976997,
    0.0006214057307206484,
    0.0004603027118681188,
    0.0006121428893889998,
    0.00042333239935674066,
    0.0004638305166584267,
    0.000439344163602291,
    0.00045626860546001645,
    0.00042918181641382353,
    0.00039817150194360816,
    0.00035336650952826895,
    0.00040382972893222445,
    0.0003240170555922395,
    0.0005058759742285132,
    0.0003697839870443446,
    0.00037281258951498114,
    0.0003662729454904615,
    0.00035864678602094224,
    0.00033246459729371317,
    0.00032833841391936353,
    0.00039554089830590134,
    0.0003591856734727463,
    0.0003261855703428407,
    0.00023415358539539396,
    0.0004762919021645128,
    0.00034849730809036807,
    0.00033897844964046243,
    0.0002662870193577515,
    0.00038693724906828267,
    0.00033883990840889104,
    0.0002939005132506823
  ],
  "val_loss": [
    0.002736329388907765,
    0.001561876869237216,
    0.0010497567232257794,
    0.0004887025997268921,
    0.0004739366040449921,
    0.0009225553685471965,
    0.0014856341097972592,
    0.0010311985188901198,
    0.0012207414387723273,
    0.0014577458810602637,
    0.00042006518659454625,
    0.0010181733358089777,
    0.0010953710753866623,
    0.0013523472699290243,
    0.0007807537491601001,
    0.0004888132228182705,
    0.000594860275246712,
    0.00041802753007479836,
    0.0003540436963251754,
    0.002477691729538902,
    0.0012907918685049207,
    0.0002717798103026868,
    0.0007444837008382713,
    0.0004913983903188913,
    0.0004999160771904646,
    0.004235187964614909,
    0.0008833588824714504,
    0.0004697908231192582,
    0.001746470103072661,
    0.0011412836798141486,
    0.0003517390386132754,
    0.0003218081541265484,
    0.0004604008909135071,
    0.0006036492989604602,
    0.00040815861018398807,
    0.001277969382428554,
    0.00021242291134743752,
    0.0002701952499807196,
    0.0002336661556610381,
    0.0014470600252344784,
    0.0005193107237194921,
    0.0004715568225915643,
    0.0003502093835828781,
    0.0002422837680723385,
    0.00017233113901575506,
    0.0002660490203761938,
    0.00015030772634327347,
    0.0006703474465959631,
    0.00022266772450675173,
    0.00017374385596018632,
    0.0004285617956008819,
    0.00017288607699744032,
    0.00020259212940646468,
    0.0004713587220980424,
    0.0001544217476982385,
    0.00017413355505049489,
    0.00014395503459322526,
    0.00014848554075832948,
    0.00019649390153710097,
    0.00015946464785303994,
    0.0003158869447818919,
    0.0001382957593438876,
    0.00015577534807102508,
    0.00019932434374694824,
    0.0001220860356707914,
    0.0001226157227335619,
    0.00014838498317305232,
    0.00012192303622762698,
    0.00014415190751748179,
    0.0001178292144777318,
    0.00016261133379979695,
    0.00012106483295502306,
    0.00010025738150718745,
    0.00010810301781439076,
    0.00012482778168457142,
    0.00013088845475394998,
    0.00015059547610439506,
    0.00011472078908306553,
    0.00011705785125863704,
    0.00011215605174540794
  ],
  "lr": [
    0.0009996145181203615,
    0.000998458666866564,
    0.0009965342284774632,
    0.0009938441702975688,
    0.0009903926402016151,
    0.0009861849601988382,
    0.0009812276182268236,
    0.0009755282581475768,
    0.0009690956679612421,
    0.0009619397662556433,
    0.0009540715869125406,
    0.0009455032620941839,
    0.0009362480035363986,
    0.0009263200821770461,
    0.0009157348061512728,
    0.0009045084971874739,
    0.0008926584654403725,
    0.0008802029828000156,
    0.0008671612547178428,
    0.0008535533905932737,
    0.0008394003727664709,
    0.0008247240241650919,
    0.000809546974654917,
    0.0007938926261462366,
    0.0007777851165098012,
    0.0007612492823579744,
    0.0007443106207484776,
    0.0007269952498697734,
    0.0007093298687687142,
    0.000691341716182545,
    0.0006730585285387465,
    0.0006545084971874737,
    0.0006357202249325371,
    0.0006167226819279528,
    0.0005975451610080642,
    0.0005782172325201155,
    0.0005587686987289189,
    0.0005392295478639225,
    0.0005196299078795343,
    0.0005,
    0.00048037009212046586,
    0.00046077045213607765,
    0.0004412313012710813,
    0.00042178276747988476,
    0.000402454838991936,
    0.00038327731807204744,
    0.00036427977506746286,
    0.00034549150281252644,
    0.00032694147146125374,
    0.0003086582838174553,
    0.00029067013123128623,
    0.0002730047501302268,
    0.0002556893792515226,
    0.00023875071764202575,
    0.000222214883490199,
    0.00020610737385376362,
    0.00019045302534508325,
    0.00017527597583490834,
    0.00016059962723352931,
    0.00014644660940672636,
    0.00013283874528215725,
    0.0001197970171999846,
    0.00010734153455962753,
    9.549150281252638e-05,
    8.426519384872754e-05,
    7.367991782295395e-05,
    6.375199646360155e-05,
    5.449673790581613e-05,
    4.5928413087459345e-05,
    3.806023374435665e-05,
    3.090433203875794e-05,
    2.447174185242325e-05,
    1.877238177317643e-05,
    1.3815039801161731e-05,
    9.607359798384792e-06,
    6.155829702431175e-06,
    3.4657715225368564e-06,
    1.5413331334360193e-06,
    3.8548187963854984e-07,
    0.0
  ],