{
  "name": "fusion_ds1_s45",
  "epochs": [
    1,
    2,
    3,
    4,
    5,
    6,
    7,
    8,
    9,
    10,
    11,
    12,
    13,
    14,
    15,
    16,
    17,
    18,
    19,
    20,
    21,
    22,
    23,
    24,
    25,
    26,
    27,
    28,
    29,
    30,
    31,
    32,
    33,
    34,
    35,
    36,
    37,
    38,
    39,
    40,
    41,
    42,
    43,
    44,
    45,
    46,
    47,
    48,
    49,
    50
  ],
  "train_loss": [
    0.4520449364943949,
    0.050929302387997206,
    0.039850075213875305,
    0.0341485735501737,
    0.030179218159175167,
    0.027626434300333538,
    0.025775098482162428,
    0.024782387229726737,
    0.023561584092020832,
    0.023469580163737916,
    0.022622874252611648,
    0.02218721286608385,
    0.02136959398318698,
    0.02158607992857375,
    0.020445994268673336,
    0.02038339440603805,
    0.020246096923293735,
    0.0201915268490421,
    0.019505470675707154,
    0.0195346964608981,
    0.019281383179524304,
    0.018867151762588654,
    0.01822862009589115,
    0.01802526466251674,
    0.01758199191911856,
    0.017494523037931822,
    0.016644243814705192,
    0.01685265655284376,
    0.01620647469575768,
    0.01576957002307094,
    0.015598442651776137,
    0.015344258980977571,
    0.014792704189966968,
    0.014473015470478282,
    0.014368054668931509,
    0.014154225023619372,
    0.013591212021760724,
    0.013418725857288255,
    0.013107486487472304,
    0.012851610755473137,
    0.012566993531597282,
    0.01244713406230159,
    0.012022547990383554,
    0.011473380993369612,
    0.011312702430396606,
    0.011171936534734217,
    0.010728471858676333,
    0.010851322714276676,
    0.010325344773913085,
    0.009924922248195241
  ],
  "val_loss": [
    0.004102040382024452,
    0.0010693411257683225,
    0.0006627786512872553,
    0.00024044375193983767,
    0.00010152792304687321,
    0.0003309213667599767,
    0.00014561182788731044,
    0.0002646554137748264,
    0.00010503582107000295,
    0.00011268411246270929,
    0.0001552584524315591,
    0.00018671001547314523,
    0.0001629863725125541,
    7.903470076483349e-05,
    5.874245679282815e-05,
    0.0001375789556531399,
    0.00021263791892566812,
    0.00013410698480751816,
    9.814411275830043e-05,
    9.22882817780637e-05,
    4.99477654932525e-05,
    9.129647398315875e-05,
    5.57250742627357e-05,
    8.24365132797064e-05,
    3.067628429864139e-05,
    8.072899109746942e-05,
    0.00014671004285429597,
    6.859206426721363e-05,
    6.705296746577127e-05,
    0.00012646304092424929,
    6.996820684257538e-05,
    0.0001054529536226192,
    8.073629306388826e-05,
    4.908555509079828e-05,
    9.871035134131731e-05,
    3.905943553812534e-05,
    5.428822943630869e-05,
    9.22723553681062e-05,
    9.97271123555007e-05,
    7.430263618579566e-05,
    0.00020421846046570288,
    8.367449886532469e-05,
    4.93716278519174e-05,
    4.6831841198908e-05,
    5.7015320947388866e-05,
    9.497656662687709e-05,
    0.0001050279442564491,
    6.0544301728972504e-05,
    6.696658235858892e-05,
    3.72912777489149e-05
  ],
  "lr": [
    0.0008,
    0.0007999122733899382,
    0.0007996491320395434,
    0.0007992106913713087,
    0.0007985971436998018,
    0.0007978087581473094,
    0.0007968458805257912,
    0.0007957089331851954,
    0.0007943984148282019,
    0.0007929149002914754,
    0.0007912590402935221,
    0.0007894315611492639,
    0.0007874332644514523,
    0.0007852650267190632,
    0.0007829277990128267,
    0.0007804226065180614,
    0.0007777505480949924,
    0.0007749127957967565,
    0.0007719105943553004,
    0.0007687452606354001,
    0.0007654181830570403,
    0.0007619308209864077,
    0.000758284704095765,
    0.0007544814316924857,
    0.0007505226720175452,
    0.0007464101615137752,
    0.0007421457040642025,
    0.0007377311702008059,
    0.0007331684962840396,
    0.0007284596836534814,
    0.0007236067977499787,
    0.0007186119672096782,
    0.0007134773829303357,
    0.0007082052971103155,
    0.0007027980222607023,
    0.0006972579301909575,
    0.0006915874509685644,
    0.0006857890718531211,
    0.0006798653362053461,
    0.0006738188423714754,
    0.0006676522425435432,
    0.0006613682415960422,
    0.0006549695958994759,
    0.0006484591121113241,
    0.0006418396459449499,
    0.0006351141009169892,
    0.0006282854270737727,
    0.0006213566196973376,
    0.0006143307179915985,
    0.000607210803749252
  ],
  "extra": {
    "val_rmse_pct": [
      6.404717581612723,
      3.27007816859654,
      2.5744489397321426,
      1.5506248474121094,
      1.007610648018973,
      1.819124494280134,
      1.2066973005022321,
      1.6268233163016184,
      1.0248698643275669,
      1.061527797154018,
      1.2460274832589286,
      1.3664187840053013,
      1.276661137172154,
      0.889014652797154,
      0.766436277117048,
      1.1729406084333147,
      1.458210972377232,
      1.1580457414899552,
      0.9906772068568638,
      0.9606678553989955,
      0.706737300327846,
      0.9554919651576451,
      0.7464923313685825,
      0.9079456329345703,
      0.5538617815290179,
      0.898493140084403,
      1.2112391880580358,
      0.8282032012939453,
      0.8188587733677455,
      1.1245579310825893,
      0.8364700862339566,
      1.0269028799874442,
      0.8985337938581195,
      0.7006107875279017,
      0.9935308183942523,
      0.6249755314418247,
      0.7368054526192802,
      0.9605850219726563,
      0.9986346653529576,
      0.861989756992885,
      1.4290503365652902,
      0.9147375924246652,
      0.7026494707380022,
      0.6843379974365235,
      0.7550848824637276,
      0.9745592389787946,
      1.0248314993722096,
      0.7781022208077567,
      0.8183311462402344,
      0.6106658390590123
    ],
    "w_relax": [
      0.5015750933777202,
      0.4843905441688769,
      0.4724233520753456,
      0.4647383409919161,
      0.4591070693550688,
      0.4555548948772026,
      0.45322209280548675,
      0.45058198724732257,
      0.44844613111380377,
      0.4474027924465411,
      0.44547653965877765,
      0.4438665716937094,
      0.44287059794772754,
      0.44167232423117664,
      0.439785538297711,
      0.43876801431179047,
      0.4389575764988408,
      0.43785540624098346,
      0.4376748046188643,
      0.4357763014056466,
      0.43356665020639246,
      0.4327144234469443,
      0.432106664686492,
      0.4313616251403635,
      0.4304967211051421,
      0.429029900467757,
      0.42836561573274207,
      0.4267842643188708,
      0.4262783762180444,
      0.4255337037823417,
      0.42451730957536987,
      0.423488818786361,
      0.4220825591773698,
      0.4215902320363305,
      0.42083451693708246,
      0.42020660367879,
      0.41924794244043756,
      0.4174547249620611,
      0.41807830333709717,
      0.41665235884261853,
      0.415625508535992,
      0.41485444795001636,
      0.4140030520431923,
      0.4136760478669947,
      0.41390459420103015,
      0.41366772895509546,
      0.41356534759203595,
      0.41219920732758264,
      0.41074928505854175,
      0.41034661414045276
    ],