{
  "name": "mae_short",
  "epochs": [
    1,
    2,
    3,
    4,
    5,
    6,
    7,
    8,
    9,
    10,
    11,
    12,
    13,
    14,
    15,
    16,
    17,
    18,
    19,
    20,
    21,
    22,
    23,
    24,
    25,
    26,
    27,
    28,
    29,
    30,
    31,
    32,
    33,
    34,
    35,
    36,
    37,
    38,
    39,
    40,
    41,
    42,
    43,
    44,
    45,
    46,
    47,
    48,
    49,
    50,
    51,
    52,
    53,
    54,
    55,
    56,
    57,
    58,
    59,
    60,
    61,
    62,
    63,
    64,
    65,
    66,
    67,
    68,
    69,
    70,
    71,
    72,
    73,
    74
  ],
  "train_loss": [
    0.019410543825119756,
    0.02723446586455868,
    0.02857363712743839,
    0.008346619436324351,
    0.009446707152796227,
    0.02400668848610716,
    0.023839509653371085,
    0.017064603444639434,
    0.02128924049092864,
    0.006489975158754546,
    0.0450272601737599,
    0.006765580280301926,
    0.008342048287567651,
    0.005030424813724907,
    0.0144295148088964,
    0.006988041061103024,
    0.05163493048519109,
    0.0042241413614895855,
    0.013560178418162728,
    0.0057520196144052824,
    0.008326038643364078,
    0.00574788584578309,
    0.003723540962832975,
    0.013928436998504731,
    0.014459883463041,
    0.017847587175744334,
    0.00417491795213112,
    0.004379289009446003,
    0.009298886753746205,
    0.002129368122170028,
    0.002681217103064749,
    0.008477769088142486,
    0.002307742328652251,
    0.01758372641869825,
    0.004899647911977683,
    0.005205057482616319,
    0.002973832198524404,
    0.0052930300417570655,
    0.007585102508468668,
    0.001608791389528286,
    0.0014837015166175786,
    0.0013378474587992964,
    0.0028196527014150647,
    0.005931915226925902,
    0.037500549678003946,
    0.007572223398086776,
    0.001388782163263546,
    0.0017948758197866969,
    0.0011065836499254147,
    0.0006493967989163173,
    0.002174581901560463,
    0.004019061396502945,
    0.0010919525431100953,
    0.0014351762972052708,
    0.0005512323313776331,
    0.000987987258752853,
    0.02235569391515937,
    0.0006276757647907714,
    0.029896595875160855,
    0.0005068980576725448,
    0.01731978726372227,
    0.0004778792344576017,
    0.0011407964764268517,
    0.0009838473061962918,
    0.017516988914540295,
    0.000429633079452246,
    0.00044248019342138354,
    0.0004625518730517943,
    0.00044943109777513594,
    0.0004080478422447185,
    0.00040613572499939,
    0.0005181946002077359,
    0.0010155374007325957,
    0.0004354447148993362
  ],
  "val_loss": [
    0.0029536630415047207,
    0.007142831440688225,
    0.0030256596581781643,
    0.02764356584010417,
    0.0021984278461324018,
    0.0028363854497703805,
    0.0020752616059198452,
    0.00350091724223539,
    0.0027396587998067077,
    0.0017913756871661335,
    0.003326164297105973,
    0.0016623331732198334,
    0.0027000019265534846,
    0.002554761874897961,
    0.001977578343684671,
    0.0022772777837848195,
    0.004538072244541948,
    0.002143590287264567,
    0.002076388229493444,
    0.0018983197188119224,
    0.0011520043920251752,
    0.0018002375462010764,
    0.0021687021434078353,
    0.007949691273990953,
    0.0019564051926544493,
    0.0013676540621785087,
    0.0012424782203436877,
    0.001454026191168579,
    0.0012117232376783107,
    0.001333547445635001,
    0.001253771970432513,
    0.0012006016954648913,
    0.001483075878288793,
    0.001391267570924308,
    0.0018629124061318866,
    0.0016807789471114806,
    0.0016554927467695322,
    0.0019241115241719964,
    0.000982719756664888,
    0.005125047206029035,
    0.0012995889216351013,
    0.001159026917057896,
    0.0011001299809370387,
    0.0009574337342647803,
    0.0017882498479529954,
    0.014875285833943309,
    0.0009903144402829767,
    0.0013374590719314782,
    0.0010288104265846574,
    0.009671936873673346,
    0.0009705888468919224,
    0.02857985184119459,
    0.0010489491136180923,
    0.0009236814573676767,
    0.0010368560870758078,
    0.0009632865983069662,
    0.0010059796005136153,
    0.0009870160467567314,
    0.0010343008570520109,
    0.001281250466331186,
    0.001036295039260662,
    0.0010128984165994712,
    0.0009995976821907486,
    0.0018895379279887205,
    0.0030368360396670667,
    0.0009482854823050857,
    0.0010357178357560514,
    0.0010875323623941657,
    0.017123777435667682,
    0.021521023490972686,
    0.010579868252470828,
    0.0010402639735522762,
    0.001068225474578835,
    0.001344177931171368
  ],
  "lr": [
    0.0009996145181203615,
    0.000998458666866564,
    0.0009965342284774632,
    0.0009938441702975688,
    0.0009903926402016151,
    0.0009861849601988382,
    0.0009812276182268236,
    0.0009755282581475768,
    0.0009690956679612421,
    0.0009619397662556433,
    0.0009540715869125406,
    0.0009455032620941839,
    0.0009362480035363986,
    0.0009263200821770461,
    0.0009157348061512728,
    0.0009045084971874739,
    0.0008926584654403725,
    0.0008802029828000156,
    0.0008671612547178428,
    0.0008535533905932737,
    0.0008394003727664709,
    0.0008247240241650919,
    0.000809546974654917,
    0.0007938926261462366,
    0.0007777851165098012,
    0.0007612492823579744,
    0.0007443106207484776,
    0.0007269952498697734,
    0.0007093298687687142,
    0.000691341716182545,
    0.0006730585285387465,
    0.0006545084971874737,
    0.0006357202249325371,
    0.0006167226819279528,
    0.0005975451610080642,
    0.0005782172325201155,
    0.0005587686987289189,
    0.0005392295478639225,
    0.0005196299078795343,
    0.0005,
    0.00048037009212046586,
    0.00046077045213607765,
    0.0004412313012710813,
    0.00042178276747988476,
    0.000402454838991936,
    0.00038327731807204744,
    0.00036427977506746286,
    0.00034549150281252644,
    0.00032694147146125374,
    0.0003086582838174553,
    0.00029067013123128623,
    0.0002730047501302268,
    0.0002556893792515226,
    0.00023875071764202575,
    0.000222214883490199,
    0.00020610737385376362,
    0.00019045302534508325,
    0.00017527597583490834,
    0.00016059962723352931,
    0.00014644660940672636,
    0.00013283874528215725,
    0.0001197970171999846,
    0.00010734153455962753,
    9.549150281252638e-05,
    8.426519384872754e-05,
    7.367991782295395e-05,
    6.375199646360155e-05,
    5.449673790581613e-05,
    4.5928413087459345e-05,
    3.806023374435665e-05,
    3.090433203875794e-05,
    2.447174185242325e-05,
    1.877238177317643e-05,
    1.3815039801161731e-05
  ],