{
  "name": "mae_long",
  "epochs": [
    1,
    2,
    3,
    4,
    5,
    6,
    7,
    8,
    9,
    10,
    11,
    12,
    13,
    14,
    15,
    16,
    17,
    18,
    19,
    20,
    21,
    22,
    23,
    24,
    25,
    26,
    27,
    28,
    29,
    30,
    31,
    32,
    33,
    34
  ],
  "train_loss": [
    0.053192082028860325,
    0.004263785711487186,
    0.004615842220713883,
    0.003407084726176514,
    0.0037641073828781945,
    0.0027417983154598476,
    0.004701741257142616,
    0.0036480525656853737,
    0.0038989399139120126,
    0.0024701826626984474,
    0.0029361970951250578,
    0.0026069254847851343,
    0.002589540983071215,
    0.002808970926018242,
    0.002487119667137202,
    0.002279471194702286,
    0.002407757202272763,
    0.0020173425578290972,
    0.0016888847325955258,
    0.0017373413611057533,
    0.0023682263422047344,
    0.0016449663313908148,
    0.0018934786605451733,
    0.001645431527807122,
    0.00191104950093939,
    0.0013030330945954078,
    0.0011769227874732769,
    0.0013095399220753705,
    0.0013489226970819187,
    0.0013129135977972893,
    0.0011692389057992956,
    0.0015018520499859248,
    0.001203770578872928,
    0.001054059058201667
  ],
  "val_loss": [
    0.007525163889537341,
    0.001788734712429878,
    0.0011092615345393967,
    0.0011785662959788374,
    0.0021852506607480007,
    0.0017130706366353594,
    0.0021635817839620623,
    0.00105116526377054,
    0.0010324662985379148,
    0.001620414213291541,
    0.0007846747815948375,
    0.0005302344885232521,
    0.001781554807809842,
    0.00028950432537693264,
    0.0007489953751205073,
    0.0016544646454203283,
    0.0006389948641709628,
    0.0006327693206167208,
    0.0005939816808582581,
    0.000745770173857429,
    0.0006310737296866168,
    0.0007343973422528057,
    0.0003767830252530227,
    0.0015025357400125737,
    0.00041228974992591166,
    0.0008861158296179002,
    0.0003725417069949355,
    0.0009258970611429735,
    0.000316945808169931,
    0.0005898513437759883,
    0.0014840830001301272,
    0.0007828848717790784,
    0.00032382161898685945,
    0.0005169235128978037
  ],
  "lr": [
    0.0009996145181203615,
    0.000998458666866564,
    0.0009965342284774632,
    0.0009938441702975688,
    0.0009903926402016151,
    0.0009861849601988382,
    0.0009812276182268236,
    0.0009755282581475768,
    0.0009690956679612421,
    0.0009619397662556433,
    0.0009540715869125406,
    0.0009455032620941839,
    0.0009362480035363986,
    0.0009263200821770461,
    0.0009157348061512728,
    0.0009045084971874739,
    0.0008926584654403725,
    0.0008802029828000156,
    0.0008671612547178428,
    0.0008535533905932737,
    0.0008394003727664709,
    0.0008247240241650919,
    0.000809546974654917,
    0.0007938926261462366,
    0.0007777851165098012,
    0.0007612492823579744,
    0.0007443106207484776,
    0.0007269952498697734,
    0.0007093298687687142,
    0.000691341716182545,
    0.0006730585285387465,
    0.0006545084971874737,
    0.0006357202249325371,
    0.0006167226819279528
  ],
  "extra": {
    "smooth": [
      0.018082271476444003,
      0.004824690993476474,
      0.0046586994974151755,
      0.004370937511621544,
      0.004330176171571911,
      0.004409173227525645,
      0.004351391430759399,
      0.004364100415210966,
      0.004347997465883394,
      0.004155457314278921,
      0.004216673367172868,
      0.0041909569599629225,
      0.004162109944259374,
      0.004360025002093446,
      0.004212768277391674,
      0.004244761332850076,
      0.00419280564451381,
      0.004143490181389623,
      0.004121081791477711,
      0.004175245297182711,
      0.004147140886731854,
      0.004123140180571,
      0.004164572738660572,
      0.004141649618919929,
      0.004159171402687815,
      0.004153933041235408,
      0.0041057897962668705,
      0.004118144896620637,
      0.0041227440814203134,
      0.004111943980946398,
      0.0041024996741011,
      0.004142420018437092,
      0.004143297738412653,
      0.004109398314277046
    ],
    "total_loss": [
      0.05951346895577235,
      0.007250884750143044,
      0.007578761572280884,
      0.00623085689767417,
      0.006569891749800963,
      0.005399337174570281,
      0.007442011037116807,
      0.006297454625300032,
      0.006488359587232998,
      0.005072051455940341,
      0.005554042670720162,
      0.005181605117906167,
      0.0051018048661418125,
      0.00537593095312892,
      0.005056483781830877,
      0.004742990238664978,
      0.0048276874200287746,
      0.004364048714892982,
      0.004033036053900463,
      0.003951154195997796,
      0.004551534122707171,
      0.0038468310202158227,
      0.003951975175571037,
      0.003695183237601198,
      0.00390287381912978,
      0.0032858993528610187,
      0.003046879439077318,
      0.003168599139266786,
      0.0031918213273551773,
      0.0032199772755681067,
      0.002955255679076163,
      0.003363147437421717,
      0.002978262214559099,
      0.0028064207252912594
    ],
    "aging": [
      0.004483997533596352,
      0.0015002500496235707,
      0.0015244849710713089,
      0.001397890155933136,
      0.0014250203588972593,
      0.001219421332852803,
      0.0013489164700780268,
      0.0012274616267215995,
      0.001166237923243708,
      0.0012745340531035362,
      0.0013101071697433648,
      0.00124654564793725,
      0.0011533762640186023,
      0.0012465839595205634,
      0.001317419303160443,
      0.0011502109551875226,
      0.0010685419585062166,
      0.0010607978697457683,
      0.001112818790723718,
      0.0009450030776941979,
      0.0009462119166449919,
      0.001037432758323605,
      0.0008596763243064692,
      0.0008777839408253682,
      0.000817130589079569,
      0.0008079919426984035,
      0.00072216733061531,
      0.0006901974328088407,
      0.0006589056959548387,
      0.0007807629757108503,
      0.00060620009197,
      0.0006655918578033678,
      0.00058634570297024,
      0.0005682505671768972
    ]
  }
}