{
  "name": "fusion_ds1_s43",
  "epochs": [
    1,
    2,
    3,
    4,
    5,
    6,
    7,
    8,
    9,
    10,
    11,
    12,
    13,
    14,
    15,
    16,
    17,
    18,
    19,
    20,
    21,
    22,
    23,
    24,
    25,
    26,
    27,
    28,
    29,
    30,
    31,
    32,
    33,
    34,
    35,
    36,
    37,
    38,
    39,
    40,
    41,
    42,
    43,
    44,
    45,
    46,
    47,
    48,
    49,
    50,
    51,
    52,
    53,
    54,
    55,
    56,
    57,
    58,
    59,
    60,
    61
  ],
  "train_loss": [
    0.30813337404266106,
    0.03145064874157768,
    0.02535381739782804,
    0.022126019878065527,
    0.020706655877707418,
    0.01947556974309007,
    0.018558874042335617,
    0.01785371616880414,
    0.01718348438339421,
    0.017535397816705763,
    0.0166387824887829,
    0.0164541734645164,
    0.016262934366157743,
    0.015885804284274115,
    0.015479416379393839,
    0.014963236051327806,
    0.014510516328782959,
    0.014227022167705262,
    0.013941516549644501,
    0.01338143615958199,
    0.01315905712285466,
    0.013077676191570057,
    0.012717204229768967,
    0.012159846002741333,
    0.01231660807170612,
    0.01145702747152357,
    0.011541115422673786,
    0.011236044988795744,
    0.010824030414811026,
    0.010464413036503374,
    0.010167911464649732,
    0.009978006808952253,
    0.009615377231866649,
    0.00924979657766972,
    0.00908903559113079,
    0.008790999974000645,
    0.008558478855302325,
    0.008423794575654283,
    0.008105479802945811,
    0.007811108277715925,
    0.007542931480017119,
    0.007289256235192347,
    0.007176128755472139,
    0.006934745777057196,
    0.006745808076641861,
    0.00665465702162153,
    0.006211789847482385,
    0.005999647441647086,
    0.005702995318029776,
    0.005813842710483163,
    0.0054751692752858785,
    0.005239558188510446,
    0.0051431113434069475,
    0.004921550550900219,
    0.0047937791866191435,
    0.0045803179642040165,
    0.004412197335023429,
    0.004366079288155634,
    0.004171325060502569,
    0.00402304092020253,
    0.003921701792044855
  ],
  "val_loss": [
    0.001336515859666445,
    0.0002804448856966115,
    6.190784534925791e-05,
    0.00019091672353249082,
    0.00014126798888963228,
    5.373903524722395e-05,
    0.00020705110219358064,
    0.00013680689127953805,
    0.0001434770668195701,
    6.366782057991115e-05,
    5.078127666143287e-05,
    7.780506600058689e-05,
    3.645916275500897e-05,
    0.0002072297424939895,
    0.00013740929431375364,
    3.758136758334131e-05,
    0.00012387340482838366,
    2.8508628811250803e-05,
    5.221382378370806e-05,
    0.00010676796810132118,
    3.819118803121431e-05,
    0.0001193072787701287,
    3.67987013240977e-05,
    9.96710390564031e-05,
    6.632396385949411e-05,
    9.180829701348131e-05,
    3.743660205047261e-05,
    4.4346490714828356e-05,
    5.7781647353457035e-05,
    2.3329811394873534e-05,
    7.388794469759083e-05,
    4.019249613363149e-05,
    6.263807902670199e-05,
    3.1501977743550256e-05,
    4.061422356226539e-05,
    1.6993165033399034e-05,
    7.253731324121353e-05,
    6.003163248783232e-05,
    5.930808415069735e-05,
    3.8408629416032364e-05,
    2.3788806921186814e-05,
    5.975044234538814e-05,
    4.254937530079232e-05,
    4.741985446958319e-05,
    3.082534453077857e-05,
    8.581763394308147e-05,
    8.18810293282139e-05,
    2.3894678717718243e-05,
    6.70529528770566e-05,
    8.596159886947263e-05,
    3.139340890984281e-05,
    5.086522084930329e-05,
    5.4219908567470646e-05,
    3.235699028408564e-05,
    3.994147035291099e-05,
    6.162352288123667e-05,
    4.2374169331584925e-05,
    3.1159766969920636e-05,
    5.042685400527914e-05,
    4.670295629895761e-05,
    4.7120198790760806e-05
  ],
  "lr": [
    0.0008,
    0.0007999122733899382,
    0.0007996491320395434,
    0.0007992106913713087,
    0.0007985971436998018,
    0.0007978087581473094,
    0.0007968458805257912,
    0.0007957089331851954,
    0.0007943984148282019,
    0.0007929149002914754,
    0.0007912590402935221,
    0.0007894315611492639,
    0.0007874332644514523,
    0.0007852650267190632,
    0.0007829277990128267,
    0.0007804226065180614,
    0.0007777505480949924,
    0.0007749127957967565,
    0.0007719105943553004,
    0.0007687452606354001,
    0.0007654181830570403,
    0.0007619308209864077,
    0.000758284704095765,
    0.0007544814316924857,
    0.0007505226720175452,
    0.0007464101615137752,
    0.0007421457040642025,
    0.0007377311702008059,
    0.0007331684962840396,
    0.0007284596836534814,
    0.0007236067977499787,
    0.0007186119672096782,
    0.0007134773829303357,
    0.0007082052971103155,
    0.0007027980222607023,
    0.0006972579301909575,
    0.0006915874509685644,
    0.0006857890718531211,
    0.0006798653362053461,
    0.0006738188423714754,
    0.0006676522425435432,
    0.0006613682415960422,
    0.0006549695958994759,
    0.0006484591121113241,
    0.0006418396459449499,
    0.0006351141009169892,
    0.0006282854270737727,
    0.0006213566196973376,
    0.0006143307179915985,
    0.000607210803749252,
    0.0005999999999999998,
    0.0005927014696406859,
    0.0005853184140479445,
    0.0005778540716739707,
    0.0005703117166260288,
    0.0005626946572303198,
    0.0005550062345808409,
    0.000547249821073871,
    0.0005394288189287258,
    0.000531546658695433,
    0.0005236067977499787
  ],
  "extra": {
    "val_rmse_pct": [
      3.655839102608817,
      1.674648938860212,
      0.7868154798235213,
      1.3817261832101004,
      1.18856201171875,
      0.7330690656389509,
      1.4389270237513951,
      1.169644818987165,
      1.197819083077567,
      0.7979211534772601,
      0.71260986328125,
      0.8820718492780414,
      0.6038142613002232,
      1.4395477294921875,
      1.1722171238490513,
      0.6130364554268973,
      1.1129842485700334,
      0.5339347294398716,
      0.7225913456508092,
      1.0332859584263392,
      0.6179901668003627,
      1.0922787257603237,
      0.6066193716866629,
      0.9983537946428571,
      0.814395250592913,
      0.9581665039062499,
      0.6118546077183314,
      0.665931647164481,
      0.7601424080984933,
      0.4830094473702567,
      0.859581048148019,
      0.6339755467006138,
      0.7914422716413225,
      0.5612662724086216,
      0.637292970929827,
      0.412227657863072,
      0.8516884395054408,
      0.7748008728027344,
      0.7701174599783761,
      0.6197469438825335,
      0.4877377101353237,
      0.7729841504778181,
      0.6522988455636161,
      0.6886208125523158,
      0.555205808367048,
      0.926378195626395,
      0.904881341116769,
      0.4888218470982143,
      0.8188587188720703,
      0.9271547589983258,
      0.5602982657296317,
      0.7131986890520369,
      0.7363417489188058,
      0.5688321249825614,
      0.6319926670619419,
      0.7850065503801619,
      0.6509544372558594,
      0.5582093920026507,
      0.710118647984096,
      0.6833956037248884,
      0.6864415849958148
    ],