{
  "name": "fusion_ds1",
  "epochs": [
    1,
    2,
    3,
    4,
    5,
    6,
    7,
    8,
    9,
    10,
    11,
    12,
    13,
    14,
    15,
    16,
    17,
    18,
    19,
    20,
    21,
    22,
    23,
    24,
    25,
    26,
    27,
    28,
    29,
    30,
    31,
    32,
    33,
    34,
    35,
    36,
    37,
    38,
    39,
    40,
    41,
    42,
    43,
    44,
    45,
    46,
    47,
    48,
    49,
    50,
    51,
    52,
    53,
    54,
    55,
    56,
    57,
    58,
    59,
    60,
    61,
    62,
    63,
    64,
    65,
    66,
    67,
    68,
    69
  ],
  "train_loss": [
    0.37372676502871505,
    0.034086630039151564,
    0.02020624888374466,
    0.016002075098522077,
    0.013526416897619617,
    0.011904544532488938,
    0.010679850560585872,
    0.009304582368277548,
    0.00829688002206957,
    0.007294082413029797,
    0.006437968906810296,
    0.005689721865087411,
    0.0049757280166560485,
    0.004638205893372173,
    0.0041212256258164465,
    0.003944154765110684,
    0.0034473504801077926,
    0.003640075803701627,
    0.002887597276704591,
    0.002926340217655555,
    0.0025413834049807095,
    0.0024887972289740386,
    0.0022131800248571523,
    0.0024753936468869505,
    0.0019954073389792395,
    0.002051544360536933,
    0.001965962447124806,
    0.001779418206815321,
    0.0017945350792936204,
    0.001608192411537702,
    0.0015746764699447041,
    0.0016527713698221108,
    0.001494617525047456,
    0.0016512392653506968,
    0.0014946737278337962,
    0.0014423890533649983,
    0.0014682965376302574,
    0.001453128327789116,
    0.0014871947042777946,
    0.0015887427952125223,
    0.0014696539573817557,
    0.0012979943854629968,
    0.0013877300817487297,
    0.0013852778949259928,
    0.0014693548673819956,
    0.0012405770547482874,
    0.001377276365249041,
    0.0012501443618784097,
    0.0012402215766195552,
    0.00118193011809297,
    0.0012789030546968003,
    0.0011839408080708133,
    0.0012662012741142111,
    0.001233979569141975,
    0.0011402085086540652,
    0.001154479826302322,
    0.0011749425906964872,
    0.001107832138864303,
    0.0011764768886144568,
    0.0012338690375240705,
    0.0012080390573717213,
    0.001138839525206009,
    0.0010918638492982376,
    0.0012646352200271567,
    0.0012168660370851221,
    0.0010629941116919429,
    0.0011534610131936978,
    0.001038808900318138,
    0.0011302381093560754
  ],
  "val_loss": [
    0.006071632255625703,
    0.0006377615963010499,
    0.00023140949409904607,
    0.00018724034755315529,
    0.00010030719381377465,
    0.00011937272289834798,
    0.00012306110175122352,
    7.805003354243718e-05,
    0.00013282200291347325,
    5.0582141991411445e-05,
    5.372339550612282e-05,
    7.36469426699788e-05,
    0.00010780196608553821,
    9.159864635527521e-05,
    9.098202994534131e-05,
    0.00010093691197884853,
    0.00010746094778196598,
    6.447907402969354e-05,
    8.127234020136535e-05,
    7.58191309067078e-05,
    0.00012156349939840393,
    0.00011564334613814521,
    5.52933846003609e-05,
    5.785200433511861e-05,
    5.443471516824961e-05,
    7.047520194043663e-05,
    5.249561749685692e-05,
    6.087654330505318e-05,
    8.61824781129516e-05,
    9.018209611967775e-05,
    8.130000605048914e-05,
    6.105547989648181e-05,
    8.061288224130137e-05,
    5.0453968858625245e-05,
    6.570159064790035e-05,
    5.03133918834425e-05,
    5.278892557102252e-05,
    5.034078523956079e-05,
    9.661325779598942e-05,
    5.695599219520849e-05,
    5.7230128454111706e-05,
    8.472832046915208e-05,
    6.498668747875888e-05,
    4.5392968789055334e-05,
    8.313194429458797e-05,
    6.456755278653738e-05,
    6.238935404686108e-05,
    6.672378839778986e-05,
    8.03257949674911e-05,
    8.904575931604851e-05,
    6.63139675454857e-05,
    6.301366760035647e-05,
    5.512270507883151e-05,
    5.678762548985528e-05,
    4.6364087480314664e-05,
    8.913116218460884e-05,
    6.92967852170701e-05,
    5.4035755275430156e-05,
    6.586811052044042e-05,
    6.737838877634946e-05,
    5.571320201398015e-05,
    5.496725375794183e-05,
    6.201380690908313e-05,
    6.119457089184959e-05,
    4.7919985109295806e-05,
    6.223044459296275e-05,
    6.417543456381908e-05,
    7.3859090708476e-05,
    6.808230202332939e-05
  ],
  "lr": [
    0.0006,
    0.0005999342050424536,
    0.0005997368490296575,
    0.0005994080185284814,
    0.0005989478577748513,
    0.000598356568610482,
    0.0005976344103943434,
    0.0005967816998888965,
    0.0005957988111211515,
    0.0005946861752186066,
    0.0005934442802201417,
    0.0005920736708619481,
    0.0005905749483385894,
    0.0005889487700392975,
    0.0005871958492596201,
    0.0005853169548885461,
    0.0005833129110712444,
    0.0005811845968475675,
    0.0005789329457664754,
    0.0005765589454765502,
    0.0005740636372927803,
    0.0005714481157398059,
    0.0005687135280718239,
    0.0005658610737693644,
    0.000562892004013159,
    0.0005598076211353315,
    0.0005566092780481519,
    0.0005532983776506044,
    0.0005498763722130297,
    0.0005463447627401111,
    0.0005427050983124841,
    0.0005389589754072587,
    0.0005351080371977518,
    0.0005311539728327366,
    0.0005270985166955268,
    0.0005229434476432182,
    0.0005186905882264233,
    0.0005143418038898408,
    0.0005098990021540096,
    0.0005053641317786065,
    0.0005007391819076574,
    0.0004960261811970316,
    0.0004912271969246068,
    0.00048634433408349307,
    0.0004813797344587124,
    0.0004763355756877419,
    0.00047121407030532956,
    0.0004660174647730032,
    0.000460748038493699,
    0.00045540810281193906,
    0.00044999999999999993,
    0.0004445261022305145,
    0.0004389888105359585,
    0.0004333905537554782,
    0.00042773378746952174,
    0.00042202099292273996,
    0.0004162546759356308,
    0.00041043736580540337,
    0.0004045716141965445,
    0.0003986599940215749,
    0.00039270509831248416,
    0.0003867095390833414,
    0.0003806759461845796,
    0.00037460696614945627,
    0.0003685052610331966,
    0.0003623735072453277,
    0.0003562143943757173,
    0.0003500306240148305,
    0.00034382490856872336
  ],