{
  "name": "fusion_ds3",
  "epochs": [
    1,
    2,
    3,
    4,
    5,
    6,
    7,
    8,
    9,
    10,
    11,
    12,
    13,
    14,
    15,
    16,
    17,
    18,
    19,
    20,
    21,
    22,
    23,
    24,
    25,
    26,
    27,
    28,
    29,
    30,
    31,
    32,
    33,
    34,
    35,
    36,
    37,
    38,
    39,
    40,
    41,
    42,
    43,
    44,
    45,
    46,
    47,
    48,
    49,
    50,
    51,
    52,
    53,
    54,
    55,
    56,
    57,
    58,
    59
  ],
  "train_loss": [
    0.4279481244927598,
    0.07608204995605404,
    0.02475669394701953,
    0.017948121474399267,
    0.017319828080251697,
    0.015512311750872173,
    0.015182792568486913,
    0.013416788403149062,
    0.013174216633579905,
    0.011951011790366303,
    0.01078150760353234,
    0.00952982921299206,
    0.008268365070379435,
    0.00746553304918869,
    0.006729399859564811,
    0.005989939737189609,
    0.005843943059103996,
    0.004989647046558306,
    0.004149587637946671,
    0.003704283496622706,
    0.003320825842449894,
    0.0032852499049117996,
    0.0031178880041567293,
    0.0028018996816167397,
    0.002577953197441353,
    0.002437737823996508,
    0.002202415372082093,
    0.002097169384627795,
    0.0020879423789869674,
    0.0018781224097302743,
    0.0017374029445678346,
    0.0015957906911533823,
    0.0016292526109469934,
    0.0015039166830742717,
    0.0014004805873636906,
    0.001380616677657509,
    0.0013629362900807053,
    0.001245344397472096,
    0.001291740992575806,
    0.001270459447294357,
    0.0012056073612793697,
    0.0012061507918923004,
    0.001197529882107504,
    0.0010565022302076572,
    0.0010670767636852966,
    0.0010875514895696552,
    0.0010279717717767152,
    0.0009837243212666605,
    0.0009436287334512229,
    0.0009406355626676864,
    0.000968840851827814,
    0.0008981102879047296,
    0.0008898294055421032,
    0.0009174868089083689,
    0.0008504329894258404,
    0.0008390653011870544,
    0.0009006767282651509,
    0.000838128047570946,
    0.0008159450696071236
  ],
  "val_loss": [
    0.04463811706824313,
    0.0019019115514196697,
    0.0010583429817522425,
    0.0006623381906372865,
    0.000694139272685682,
    0.0006951041632774337,
    0.0006310378005344283,
    0.000675322063703599,
    0.0004052258139060014,
    0.0003976402177986509,
    0.00036908841314129613,
    0.00034058389785232877,
    0.00033974295195167854,
    0.0003248568858603852,
    0.00025879431701792554,
    0.00023031985455893643,
    0.0003216350471314019,
    0.00019189368715255225,
    0.00024169100420206075,
    0.00017931596567922974,
    0.00023780812038646086,
    0.00017948845429689402,
    0.00016063497727029753,
    0.00018956382514468502,
    0.00016955100403949133,
    0.0002303021008435661,
    0.00022055614343692838,
    0.00016728734472309947,
    0.0002020412445908772,
    0.00022838162076447378,
    0.00022055030903433512,
    0.0001250486376487252,
    0.00021937449509176928,
    0.00012317930960344906,
    0.00015738060184776654,
    0.00015184225882211631,
    0.00011950530669371115,
    0.0001472454202925047,
    0.00012208856116988396,
    0.0001479260817396408,
    8.75363623371869e-05,
    0.000141984884124128,
    0.00015671100313906556,
    0.00011819451764516871,
    0.00012732651529110434,
    0.00015787302704281506,
    0.00016821373795480377,
    0.00018322109416482764,
    0.00015807707759666858,
    0.0001547182637414291,
    0.00013611454177251864,
    0.00014473213420255582,
    0.00016243499653199748,
    0.00013613304094999319,
    0.0001601200801302192,
    0.00014402366641286655,
    0.0001302978221868486,
    0.0001524485558788585,
    0.000129261225817519
  ],
  "lr": [
    0.0008,
    0.0007998629299902229,
    0.0007994518139018296,
    0.0007987669334932514,
    0.0007978087581473094,
    0.0007965779445495242,
    0.0007950753362380552,
    0.000793301963025582,
    0.0007912590402935223,
    0.0007889479681590706,
    0.0007863703305156272,
    0.0007835278939472772,
    0.0007804226065180614,
    0.0007770565964368714,
    0.0007734321705988806,
    0.0007695518130045147,
    0.0007654181830570403,
    0.0007610341137399443,
    0.0007564026096753471,
    0.0007515268450647861,
    0.0007464101615137755,
    0.0007410560657416369,
    0.0007354682271781696,
    0.0007296504754488063,
    0.000723606797749979,
    0.0007173413361164941,
    0.0007108583845827884,
    0.0007041623862400125,
    0.0006972579301909577,
    0.000690149748404915,
    0.000682842712474619,
    0.0006753418302775016,
    0.0006676522425435433,
    0.0006597792193320735,
    0.000651728156419935,
    0.0006435045716034883,
    0.0006351141009169894,
    0.0006265624947699332,
    0.000617855614006011,
    0.0006089994258863797,
    0.0006000000000000002,
    0.0005908635041038436,
    0.0005815961998958188,
    0.0005722044387233182,
    0.0005626946572303202,
    0.000553073372946036,
    0.0005433471798181203,
    0.0005335227436935084,
    0.0005236067977499791,
    0.0005136061378815692,
    0.0005035276180410084,
    0.0004933781455423623,
    0.0004831646763271037,
    0.000472894210196859,
    0.00046257378601609236,
    0.0004522104768880206,
    0.0004418113853070614,
    0.000431383638291138,
    0.00042093438249717746
  ],
  "extra": {
    "val_rmse_pct": [
      21.127734375000003,
      4.3610906982421875,
      3.2532183837890623,
      2.5735931396484375,
      2.634652099609375,
      2.6364828491210934,
      2.512046508789062,
      2.598695983886719,
      2.013022003173828,
      1.9940917968749998,
      1.9211672973632812,
      1.845491485595703,
      1.8432118225097656,
      1.802378692626953,
      1.6087083435058596,
      1.5176292419433592,
      1.7934185791015627,
      1.3852569580078125,
      1.5546414184570312,
      1.3390890502929689,
      1.5421028137207031,
      1.339732971191406,
      1.267418441772461,
      1.3768215942382813,
      1.3021176147460938,
      1.51757080078125,
      1.4851133728027344,
      1.2933963012695313,
      1.4214120483398438,
      1.5112300109863281,
      1.4850936889648436,
      1.1182513427734375,
      1.4811296081542968,
      1.1098619079589844,
      1.2545144653320313,
      1.2322429656982423,
      1.0931848907470703,
      1.2134472656250002,
      1.1049369049072266,
      1.2162487030029296,
      0.9356088256835938,
      1.1915740966796875,
      1.2518426513671874,
      1.0871730041503906,
      1.1283905792236328,
      1.2564753723144533,
      1.2969723510742188,
      1.353592071533203,
      1.257287139892578,
      1.243857879638672,
      1.1666815185546875,
      1.2030467987060547,
      1.274499969482422,
      1.1667605590820311,
      1.2653854370117188,
      1.2000985717773436,
      1.1414805603027343,
      1.2347005462646485,
      1.1369309997558594
    ],