{
  "dataset1": {
    "split": {
      "train_cells": 52,
      "test_cells": 14,
      "train_samples": 16871,
      "test_samples": 5635
    },
    "test_rmse_pct": {
      "fusion_attention": 0.43070899418422154,
      "fusion_single": 0.4984059470040458,
      "latent_ridge": 2.654065159388951,
      "cc_ridge": 5.713654436383928,
      "latent_cc_ridge": 2.6197374616350446
    },
    "test_r2": {
      "fusion_attention": 0.9947370886802673,
      "fusion_single": 0.9929527044296265,
      "latent_ridge": 0.8001615405082703,
      "cc_ridge": 0.0738445520401001,
      "latent_cc_ridge": 0.8052974939346313
    }
  },
  "transfer": {
    "dataset_2_zero_shot": {
      "dataset": 2,
      "n_samples": 27803,
      "fusion_rmse_pct": 1.4468089512416296,
      "fusion_r2": 0.9355382323265076,
      "latent_ridge_rmse_pct": 1.4911507742745536,
      "latent_ridge_r2": 0.9315264225006104
    },
    "dataset_2_tl": {
      "finetune_samples": 23,
      "eval_samples": 27780,
      "zero_shot_rmse_pct": 1.447362082345145,
      "tl_finetune_rmse_pct": 2.4784177507672993,
      "tl_finetune_r2": 0.8109870553016663,
      "finetune_cells": {
        "CY25-05_1": "CY25-05_1-#11",
        "CY35-05_1": "CY35-05_1-#4",
        "CY45-05_1": "CY45-05_1-#26"
      }
    },
    "dataset_2_native": {
      "dataset": 2,
      "n_val_samples": 4318,
      "fusion_rmse_pct": 0.22636912209647045,
      "fusion_r2": 0.9982555508613586,
      "latent_ridge_rmse_pct": 1.7701239449637276,
      "latent_ridge_r2": 0.8933340907096863
    },
    "dataset_3": {
      "dataset": 3,
      "n_val_samples": 922,
      "fusion_rmse_pct": 0.6022925186157226,
      "fusion_r2": 0.9955838918685913,
      "latent_ridge_rmse_pct": 1.5111853027343751,
      "latent_ridge_r2": 0.9721991419792175
    }
  }
}