{
  "dataset1": {
    "split": {
      "train_cells": 52,
      "test_cells": 14,
      "train_samples": 16871,
      "test_samples": 5635
    },
    "test_rmse_pct": {
      "fusion_attention": 0.5479237147739955,
      "fusion_single": 0.6737430572509765,
      "latent_ridge": 3.6272554670061385,
      "cc_ridge": 5.713654436383928,
      "latent_cc_ridge": 3.6023252214704238
    },
    "test_r2": {
      "fusion_attention": 0.9914827942848206,
      "fusion_single": 0.987122118473053,
      "latent_ridge": 0.6267393231391907,
      "cc_ridge": 0.0738445520401001,
      "latent_cc_ridge": 0.6318525671958923
    }
  },
  "transfer": {
    "dataset_2_zero_shot": {
      "dataset": 2,
      "n_samples": 27803,
      "fusion_rmse_pct": 1.4231470380510602,
      "fusion_r2": 0.9376294612884521,
      "latent_ridge_rmse_pct": 1.660187748500279,
      "latent_ridge_r2": 0.9151221513748169
    },
    "dataset_2_tl": {
      "finetune_samples": 23,
      "eval_samples": 27780,
      "zero_shot_rmse_pct": 1.423686327253069,
      "tl_finetune_rmse_pct": 2.4666272844587054,
      "tl_finetune_r2": 0.8127811551094055,
      "finetune_cells": {
        "CY25-05_1": "CY25-05_1-#11",
        "CY35-05_1": "CY35-05_1-#4",
        "CY45-05_1": "CY45-05_1-#26"
      }
    },
    "dataset_2_native": {
      "dataset": 2,
      "n_val_samples": 4318,
      "fusion_rmse_pct": 0.32704685756138396,
      "fusion_r2": 0.9963588714599609,
      "latent_ridge_rmse_pct": 1.629776872907366,
      "latent_ridge_r2": 0.9095779061317444
    },
    "dataset_3": {
      "dataset": 3,
      "n_val_samples": 922,
      "fusion_rmse_pct": 0.8938345336914063,
      "fusion_r2": 0.9902739524841309,
      "latent_ridge_rmse_pct": 2.3332371520996094,
      "latent_ridge_r2": 0.93372642993927
    }
  }
}