{
  "latent": {
    "rmse": 28.822383880615234,
    "mae": 16.793088912963867,
    "picp": 0.7353675961494446
  },
  "cc": {
    "rmse": 23.769325256347656,
    "mae": 13.41015625,
    "picp": 0.902569591999054
  },
  "concat": {
    "rmse": 28.341644287109375,
    "mae": 15.38232135772705,
    "picp": 0.761955738067627
  },
  "fused": {
    "rmse": 24.357616424560547,
    "mae": 12.659046173095703,
    "picp": 0.893112063407898
  }
}