{
  "latent": {
    "rmse": 37.037845611572266,
    "mae": 20.69886016845703,
    "picp": 0.39453962445259094
  },
  "cc": {
    "rmse": 29.028518676757812,
    "mae": 15.429564476013184,
    "picp": 0.5016059875488281
  },
  "concat": {
    "rmse": 32.375728607177734,
    "mae": 18.191364288330078,
    "picp": 0.37491077184677124
  },
  "fused": {
    "rmse": 24.07284164428711,
    "mae": 13.325987815856934,
    "picp": 0.4941113591194153
  }
}