{
  "test_metrics": {
    "rmse": 21.21487808227539,
    "mae": 10.949175834655762,
    "picp": 0.9507494568824768,
    "pinaw": 0.09802507609128952,
    "expand": 0.0,
    "seed_rmses": [
      25.857990264892578,
      21.238845825195312,
      25.746170043945312
    ]
  },
  "model": "QuantileTCN-ensemble"
}